<?xml version="1.0" encoding="UTF-8"?>
<GenRun Id="synth_1" LaunchPart="xczu3eg-sfvc784-1-i" LaunchTime="1679281673">
  <File Type="PA-TCL" Name="DFF_GENERATE.tcl"/>
  <File Type="RDS-PROPCONSTRS" Name="DFF_GENERATE_drc_synth.rpt"/>
  <File Type="REPORTS-TCL" Name="DFF_GENERATE_reports.tcl"/>
  <File Type="RDS-RDS" Name="DFF_GENERATE.vds"/>
  <File Type="RDS-UTIL" Name="DFF_GENERATE_utilization_synth.rpt"/>
  <File Type="RDS-UTIL-PB" Name="DFF_GENERATE_utilization_synth.pb"/>
  <File Type="RDS-DCP" Name="DFF_GENERATE.dcp"/>
  <File Type="VDS-TIMINGSUMMARY" Name="DFF_GENERATE_timing_summary_synth.rpt"/>
  <File Type="VDS-TIMING-PB" Name="DFF_GENERATE_timing_summary_synth.pb"/>
  <FileSet Name="sources" Type="DesignSrcs" RelSrcDir="$PSRCDIR/sources_1" RelGenDir="$PGENDIR/sources_1">
    <Filter Type="Srcs"/>
    <File Path="$PSRCDIR/sources_1/new/DFF_GENERATE.vhd">
      <FileInfo>
        <Attr Name="UsedIn" Val="synthesis"/>
        <Attr Name="UsedIn" Val="simulation"/>
      </FileInfo>
    </File>
    <Config>
      <Option Name="DesignMode" Val="RTL"/>
      <Option Name="TopModule" Val="DFF_GENERATE"/>
      <Option Name="TopAutoSet" Val="TRUE"/>
    </Config>
  </FileSet>
  <FileSet Name="constrs_in" Type="Constrs" RelSrcDir="$PSRCDIR/constrs_1">
    <Filter Type="Constrs"/>
    <Config>
      <Option Name="ConstrsType" Val="XDC"/>
    </Config>
  </FileSet>
  <FileSet Name="utils" Type="Utils" RelSrcDir="$PSRCDIR/utils_1">
    <Filter Type="Utils"/>
    <Config>
      <Option Name="TopAutoSet" Val="TRUE"/>
    </Config>
  </FileSet>
  <Strategy Version="1" Minor="2">
    <StratHandle Name="Vivado Synthesis Defaults" Flow="Vivado Synthesis 2022">
      <Desc>Vivado Synthesis Defaults</Desc>
    </StratHandle>
    <Step Id="synth_design"/>
  </Strategy>
</GenRun>
