<?xml version="1.0" encoding="UTF-8"?>
<GenRun Id="synth_1" LaunchPart="xczu3eg-sfvc784-1-i" LaunchTime="1675819474">
  <File Type="PA-TCL" Name="SMG_DISPLAY.tcl"/>
  <File Type="RDS-PROPCONSTRS" Name="SMG_DISPLAY_drc_synth.rpt"/>
  <File Type="REPORTS-TCL" Name="SMG_DISPLAY_reports.tcl"/>
  <File Type="RDS-RDS" Name="SMG_DISPLAY.vds"/>
  <File Type="RDS-UTIL" Name="SMG_DISPLAY_utilization_synth.rpt"/>
  <File Type="RDS-UTIL-PB" Name="SMG_DISPLAY_utilization_synth.pb"/>
  <File Type="RDS-DCP" Name="SMG_DISPLAY.dcp"/>
  <File Type="VDS-TIMINGSUMMARY" Name="SMG_DISPLAY_timing_summary_synth.rpt"/>
  <File Type="VDS-TIMING-PB" Name="SMG_DISPLAY_timing_summary_synth.pb"/>
  <FileSet Name="sources" Type="DesignSrcs" RelSrcDir="$PSRCDIR/sources_1" RelGenDir="$PGENDIR/sources_1">
    <Filter Type="Srcs"/>
    <File Path="$PSRCDIR/sources_1/new/SMG_DISPLAY.vhd">
      <FileInfo>
        <Attr Name="UsedIn" Val="synthesis"/>
        <Attr Name="UsedIn" Val="simulation"/>
      </FileInfo>
    </File>
    <File Path="$PSRCDIR/sources_1/new/component.xml">
      <FileInfo SFType="IPXACT"/>
    </File>
    <Config>
      <Option Name="DesignMode" Val="RTL"/>
      <Option Name="TopModule" Val="SMG_DISPLAY"/>
      <Option Name="TopAutoSet" Val="TRUE"/>
    </Config>
  </FileSet>
  <FileSet Name="constrs_in" Type="Constrs" RelSrcDir="$PSRCDIR/constrs_1">
    <Filter Type="Constrs"/>
    <Config>
      <Option Name="ConstrsType" Val="XDC"/>
    </Config>
  </FileSet>
  <FileSet Name="utils" Type="Utils" RelSrcDir="$PSRCDIR/utils_1">
    <Filter Type="Utils"/>
    <Config>
      <Option Name="TopAutoSet" Val="TRUE"/>
    </Config>
  </FileSet>
  <Strategy Version="1" Minor="2">
    <StratHandle Name="Vivado Synthesis Defaults" Flow="Vivado Synthesis 2020"/>
    <Step Id="synth_design"/>
  </Strategy>
</GenRun>
