<?xml version="1.0" encoding="UTF-8"?>
<spirit:component xmlns:xilinx="http://www.xilinx.com" xmlns:spirit="http://www.spiritconsortium.org/XMLSchema/SPIRIT/1685-2009" xmlns:xsi="http://www.w3.org/2001/XMLSchema-instance">
  <spirit:vendor>xilinx.com</spirit:vendor>
  <spirit:library>user</spirit:library>
  <spirit:name>PWM_GENERATE</spirit:name>
  <spirit:version>1.0</spirit:version>
  <spirit:busInterfaces>
    <spirit:busInterface>
      <spirit:name>RST</spirit:name>
      <spirit:busType spirit:vendor="xilinx.com" spirit:library="signal" spirit:name="reset" spirit:version="1.0"/>
      <spirit:abstractionType spirit:vendor="xilinx.com" spirit:library="signal" spirit:name="reset_rtl" spirit:version="1.0"/>
      <spirit:slave/>
      <spirit:portMaps>
        <spirit:portMap>
          <spirit:logicalPort>
            <spirit:name>RST</spirit:name>
          </spirit:logicalPort>
          <spirit:physicalPort>
            <spirit:name>RST</spirit:name>
          </spirit:physicalPort>
        </spirit:portMap>
      </spirit:portMaps>
    </spirit:busInterface>
    <spirit:busInterface>
      <spirit:name>CLK</spirit:name>
      <spirit:busType spirit:vendor="xilinx.com" spirit:library="signal" spirit:name="clock" spirit:version="1.0"/>
      <spirit:abstractionType spirit:vendor="xilinx.com" spirit:library="signal" spirit:name="clock_rtl" spirit:version="1.0"/>
      <spirit:slave/>
      <spirit:portMaps>
        <spirit:portMap>
          <spirit:logicalPort>
            <spirit:name>CLK</spirit:name>
          </spirit:logicalPort>
          <spirit:physicalPort>
            <spirit:name>CLK</spirit:name>
          </spirit:physicalPort>
        </spirit:portMap>
      </spirit:portMaps>
      <spirit:parameters>
        <spirit:parameter>
          <spirit:name>ASSOCIATED_RESET</spirit:name>
          <spirit:value spirit:id="BUSIFPARAM_VALUE.CLK.ASSOCIATED_RESET">RST</spirit:value>
        </spirit:parameter>
      </spirit:parameters>
    </spirit:busInterface>
  </spirit:busInterfaces>
  <spirit:model>
    <spirit:views>
      <spirit:view>
        <spirit:name>xilinx_anylanguagesynthesis</spirit:name>
        <spirit:displayName>Synthesis</spirit:displayName>
        <spirit:envIdentifier>:vivado.xilinx.com:synthesis</spirit:envIdentifier>
        <spirit:language>VHDL</spirit:language>
        <spirit:modelName>PWM_GENERATE</spirit:modelName>
        <spirit:fileSetRef>
          <spirit:localName>xilinx_anylanguagesynthesis_view_fileset</spirit:localName>
        </spirit:fileSetRef>
        <spirit:parameters>
          <spirit:parameter>
            <spirit:name>viewChecksum</spirit:name>
            <spirit:value>ebe8aac5</spirit:value>
          </spirit:parameter>
        </spirit:parameters>
      </spirit:view>
      <spirit:view>
        <spirit:name>xilinx_anylanguagebehavioralsimulation</spirit:name>
        <spirit:displayName>Simulation</spirit:displayName>
        <spirit:envIdentifier>:vivado.xilinx.com:simulation</spirit:envIdentifier>
        <spirit:language>VHDL</spirit:language>
        <spirit:modelName>PWM_GENERATE</spirit:modelName>
        <spirit:fileSetRef>
          <spirit:localName>xilinx_anylanguagebehavioralsimulation_view_fileset</spirit:localName>
        </spirit:fileSetRef>
        <spirit:parameters>
          <spirit:parameter>
            <spirit:name>viewChecksum</spirit:name>
            <spirit:value>ebe8aac5</spirit:value>
          </spirit:parameter>
        </spirit:parameters>
      </spirit:view>
      <spirit:view>
        <spirit:name>xilinx_xpgui</spirit:name>
        <spirit:displayName>UI Layout</spirit:displayName>
        <spirit:envIdentifier>:vivado.xilinx.com:xgui.ui</spirit:envIdentifier>
        <spirit:fileSetRef>
          <spirit:localName>xilinx_xpgui_view_fileset</spirit:localName>
        </spirit:fileSetRef>
        <spirit:parameters>
          <spirit:parameter>
            <spirit:name>viewChecksum</spirit:name>
            <spirit:value>f5d2e215</spirit:value>
          </spirit:parameter>
        </spirit:parameters>
      </spirit:view>
      <spirit:view>
        <spirit:name>archive_project</spirit:name>
        <spirit:displayName>Miscellaneous</spirit:displayName>
        <spirit:envIdentifier>:vivado.xilinx.com:misc.files</spirit:envIdentifier>
        <spirit:fileSetRef>
          <spirit:localName>archive_project_view_fileset</spirit:localName>
        </spirit:fileSetRef>
        <spirit:parameters>
          <spirit:parameter>
            <spirit:name>viewChecksum</spirit:name>
            <spirit:value>873bddbe</spirit:value>
          </spirit:parameter>
        </spirit:parameters>
      </spirit:view>
      <spirit:view>
        <spirit:name>xilinx_utilityxitfiles</spirit:name>
        <spirit:displayName>Utility XIT/TTCL</spirit:displayName>
        <spirit:envIdentifier>:vivado.xilinx.com:xit.util</spirit:envIdentifier>
        <spirit:fileSetRef>
          <spirit:localName>xilinx_utilityxitfiles_view_fileset</spirit:localName>
        </spirit:fileSetRef>
        <spirit:parameters>
          <spirit:parameter>
            <spirit:name>viewChecksum</spirit:name>
            <spirit:value>3f991235</spirit:value>
          </spirit:parameter>
        </spirit:parameters>
      </spirit:view>
    </spirit:views>
    <spirit:ports>
      <spirit:port>
        <spirit:name>CLK</spirit:name>
        <spirit:wire>
          <spirit:direction>in</spirit:direction>
          <spirit:wireTypeDefs>
            <spirit:wireTypeDef>
              <spirit:typeName>STD_LOGIC</spirit:typeName>
              <spirit:viewNameRef>xilinx_anylanguagesynthesis</spirit:viewNameRef>
              <spirit:viewNameRef>xilinx_anylanguagebehavioralsimulation</spirit:viewNameRef>
            </spirit:wireTypeDef>
          </spirit:wireTypeDefs>
        </spirit:wire>
      </spirit:port>
      <spirit:port>
        <spirit:name>RST</spirit:name>
        <spirit:wire>
          <spirit:direction>in</spirit:direction>
          <spirit:wireTypeDefs>
            <spirit:wireTypeDef>
              <spirit:typeName>STD_LOGIC</spirit:typeName>
              <spirit:viewNameRef>xilinx_anylanguagesynthesis</spirit:viewNameRef>
              <spirit:viewNameRef>xilinx_anylanguagebehavioralsimulation</spirit:viewNameRef>
            </spirit:wireTypeDef>
          </spirit:wireTypeDefs>
        </spirit:wire>
      </spirit:port>
      <spirit:port>
        <spirit:name>PWM_FREQUENCY_IN</spirit:name>
        <spirit:wire>
          <spirit:direction>in</spirit:direction>
          <spirit:vector>
            <spirit:left spirit:format="long">31</spirit:left>
            <spirit:right spirit:format="long">0</spirit:right>
          </spirit:vector>
          <spirit:wireTypeDefs>
            <spirit:wireTypeDef>
              <spirit:typeName>STD_LOGIC_VECTOR</spirit:typeName>
              <spirit:viewNameRef>xilinx_anylanguagesynthesis</spirit:viewNameRef>
              <spirit:viewNameRef>xilinx_anylanguagebehavioralsimulation</spirit:viewNameRef>
            </spirit:wireTypeDef>
          </spirit:wireTypeDefs>
          <spirit:driver>
            <spirit:defaultValue spirit:format="long">0</spirit:defaultValue>
          </spirit:driver>
        </spirit:wire>
        <spirit:vendorExtensions>
          <xilinx:portInfo>
            <xilinx:enablement>
              <xilinx:isEnabled xilinx:resolve="dependent" xilinx:id="PORT_ENABLEMENT.PWM_FREQUENCY_IN" xilinx:dependency="$FREQUENCY_PROGRAMMABLE = true">false</xilinx:isEnabled>
            </xilinx:enablement>
          </xilinx:portInfo>
        </spirit:vendorExtensions>
      </spirit:port>
      <spirit:port>
        <spirit:name>DUTY_IN</spirit:name>
        <spirit:wire>
          <spirit:direction>in</spirit:direction>
          <spirit:vector>
            <spirit:left spirit:format="long">9</spirit:left>
            <spirit:right spirit:format="long">0</spirit:right>
          </spirit:vector>
          <spirit:wireTypeDefs>
            <spirit:wireTypeDef>
              <spirit:typeName>STD_LOGIC_VECTOR</spirit:typeName>
              <spirit:viewNameRef>xilinx_anylanguagesynthesis</spirit:viewNameRef>
              <spirit:viewNameRef>xilinx_anylanguagebehavioralsimulation</spirit:viewNameRef>
            </spirit:wireTypeDef>
          </spirit:wireTypeDefs>
          <spirit:driver>
            <spirit:defaultValue spirit:format="long">0</spirit:defaultValue>
          </spirit:driver>
        </spirit:wire>
        <spirit:vendorExtensions>
          <xilinx:portInfo>
            <xilinx:enablement>
              <xilinx:isEnabled xilinx:resolve="dependent" xilinx:id="PORT_ENABLEMENT.DUTY_IN" xilinx:dependency="$DUTY_PROGRAMMABLE = true">false</xilinx:isEnabled>
            </xilinx:enablement>
          </xilinx:portInfo>
        </spirit:vendorExtensions>
      </spirit:port>
      <spirit:port>
        <spirit:name>PWM</spirit:name>
        <spirit:wire>
          <spirit:direction>out</spirit:direction>
          <spirit:wireTypeDefs>
            <spirit:wireTypeDef>
              <spirit:typeName>STD_LOGIC</spirit:typeName>
              <spirit:viewNameRef>xilinx_anylanguagesynthesis</spirit:viewNameRef>
              <spirit:viewNameRef>xilinx_anylanguagebehavioralsimulation</spirit:viewNameRef>
            </spirit:wireTypeDef>
          </spirit:wireTypeDefs>
        </spirit:wire>
      </spirit:port>
    </spirit:ports>
    <spirit:modelParameters>
      <spirit:modelParameter xsi:type="spirit:nameValueTypeType" spirit:dataType="INTEGER">
        <spirit:name>REF_CLK_FREQUENCY</spirit:name>
        <spirit:displayName>Ref Clk Frequency</spirit:displayName>
        <spirit:value spirit:format="long" spirit:resolve="generated" spirit:id="MODELPARAM_VALUE.REF_CLK_FREQUENCY">200</spirit:value>
      </spirit:modelParameter>
      <spirit:modelParameter spirit:dataType="INTEGER">
        <spirit:name>PWM_FREQUENCY</spirit:name>
        <spirit:displayName>Pwm Frequency</spirit:displayName>
        <spirit:value spirit:format="long" spirit:resolve="generated" spirit:id="MODELPARAM_VALUE.PWM_FREQUENCY" spirit:minimum="1" spirit:maximum="200000" spirit:rangeType="long">1000</spirit:value>
      </spirit:modelParameter>
      <spirit:modelParameter spirit:dataType="BOOLEAN">
        <spirit:name>FREQUENCY_PROGRAMMABLE</spirit:name>
        <spirit:displayName>Frequency Programmable</spirit:displayName>
        <spirit:value spirit:format="bool" spirit:resolve="generated" spirit:id="MODELPARAM_VALUE.FREQUENCY_PROGRAMMABLE">FALSE</spirit:value>
      </spirit:modelParameter>
      <spirit:modelParameter spirit:dataType="BOOLEAN">
        <spirit:name>DUTY_PROGRAMMABLE</spirit:name>
        <spirit:displayName>Duty Programmable</spirit:displayName>
        <spirit:value spirit:format="bool" spirit:resolve="generated" spirit:id="MODELPARAM_VALUE.DUTY_PROGRAMMABLE">FALSE</spirit:value>
      </spirit:modelParameter>
      <spirit:modelParameter spirit:dataType="INTEGER">
        <spirit:name>PWM_DUTY</spirit:name>
        <spirit:displayName>Pwm Duty</spirit:displayName>
        <spirit:value spirit:format="long" spirit:resolve="generated" spirit:id="MODELPARAM_VALUE.PWM_DUTY" spirit:minimum="0" spirit:maximum="1000" spirit:rangeType="long">500</spirit:value>
      </spirit:modelParameter>
      <spirit:modelParameter spirit:dataType="STRING">
        <spirit:name>RST_ACTIVE</spirit:name>
        <spirit:displayName>Rst Active</spirit:displayName>
        <spirit:value spirit:resolve="generated" spirit:id="MODELPARAM_VALUE.RST_ACTIVE">ACTIVE_HIGH</spirit:value>
      </spirit:modelParameter>
    </spirit:modelParameters>
  </spirit:model>
  <spirit:choices>
    <spirit:choice>
      <spirit:name>choice_list_9d8b0d81</spirit:name>
      <spirit:enumeration>ACTIVE_HIGH</spirit:enumeration>
      <spirit:enumeration>ACTIVE_LOW</spirit:enumeration>
    </spirit:choice>
  </spirit:choices>
  <spirit:fileSets>
    <spirit:fileSet>
      <spirit:name>xilinx_anylanguagesynthesis_view_fileset</spirit:name>
      <spirit:file>
        <spirit:name>PWM_GENERATE.vhd</spirit:name>
        <spirit:fileType>vhdlSource</spirit:fileType>
        <spirit:userFileType>CHECKSUM_ebe8aac5</spirit:userFileType>
      </spirit:file>
    </spirit:fileSet>
    <spirit:fileSet>
      <spirit:name>xilinx_anylanguagebehavioralsimulation_view_fileset</spirit:name>
      <spirit:file>
        <spirit:name>PWM_GENERATE.vhd</spirit:name>
        <spirit:fileType>vhdlSource</spirit:fileType>
      </spirit:file>
    </spirit:fileSet>
    <spirit:fileSet>
      <spirit:name>xilinx_xpgui_view_fileset</spirit:name>
      <spirit:file>
        <spirit:name>xgui/PWM_GENERATE_v1_0.tcl</spirit:name>
        <spirit:fileType>tclSource</spirit:fileType>
        <spirit:userFileType>CHECKSUM_f5d2e215</spirit:userFileType>
        <spirit:userFileType>XGUI_VERSION_2</spirit:userFileType>
      </spirit:file>
    </spirit:fileSet>
    <spirit:fileSet>
      <spirit:name>archive_project_view_fileset</spirit:name>
      <spirit:file>
        <spirit:name>ip_project_archive.zip</spirit:name>
        <spirit:userFileType>zip</spirit:userFileType>
      </spirit:file>
    </spirit:fileSet>
    <spirit:fileSet>
      <spirit:name>xilinx_utilityxitfiles_view_fileset</spirit:name>
      <spirit:file>
        <spirit:name>gui/PWM_GENERATE_v1_0.gtcl</spirit:name>
        <spirit:userFileType>GTCL</spirit:userFileType>
      </spirit:file>
    </spirit:fileSet>
  </spirit:fileSets>
  <spirit:description>PWM_GENERATE_v1_0</spirit:description>
  <spirit:parameters>
    <spirit:parameter>
      <spirit:name>REF_CLK_FREQUENCY</spirit:name>
      <spirit:displayName>Ref Clk Frequency</spirit:displayName>
      <spirit:value spirit:format="long" spirit:resolve="user" spirit:id="PARAM_VALUE.REF_CLK_FREQUENCY" spirit:minimum="1" spirit:maximum="1000" spirit:rangeType="long">200</spirit:value>
      <spirit:vendorExtensions>
        <xilinx:parameterInfo>
          <xilinx:enablement>
            <xilinx:isEnabled xilinx:resolve="generated" xilinx:id="PARAM_ENABLEMENT.REF_CLK_FREQUENCY">true</xilinx:isEnabled>
          </xilinx:enablement>
        </xilinx:parameterInfo>
      </spirit:vendorExtensions>
    </spirit:parameter>
    <spirit:parameter>
      <spirit:name>PWM_FREQUENCY</spirit:name>
      <spirit:displayName>Pwm Frequency</spirit:displayName>
      <spirit:value spirit:format="long" spirit:resolve="user" spirit:id="PARAM_VALUE.PWM_FREQUENCY" spirit:minimum="1" spirit:maximum="200000" spirit:rangeType="long">1000</spirit:value>
      <spirit:vendorExtensions>
        <xilinx:parameterInfo>
          <xilinx:enablement>
            <xilinx:isEnabled xilinx:resolve="generated" xilinx:id="PARAM_ENABLEMENT.PWM_FREQUENCY">true</xilinx:isEnabled>
          </xilinx:enablement>
        </xilinx:parameterInfo>
      </spirit:vendorExtensions>
    </spirit:parameter>
    <spirit:parameter>
      <spirit:name>FREQUENCY_PROGRAMMABLE</spirit:name>
      <spirit:displayName>Frequency Programmable</spirit:displayName>
      <spirit:value spirit:format="bool" spirit:resolve="user" spirit:id="PARAM_VALUE.FREQUENCY_PROGRAMMABLE">FALSE</spirit:value>
    </spirit:parameter>
    <spirit:parameter>
      <spirit:name>DUTY_PROGRAMMABLE</spirit:name>
      <spirit:displayName>Duty Programmable</spirit:displayName>
      <spirit:value spirit:format="bool" spirit:resolve="user" spirit:id="PARAM_VALUE.DUTY_PROGRAMMABLE">FALSE</spirit:value>
    </spirit:parameter>
    <spirit:parameter>
      <spirit:name>Component_Name</spirit:name>
      <spirit:value spirit:resolve="user" spirit:id="PARAM_VALUE.Component_Name" spirit:order="1">PWM_GENERATE_v1_0</spirit:value>
    </spirit:parameter>
    <spirit:parameter>
      <spirit:name>PWM_DUTY</spirit:name>
      <spirit:displayName>Pwm Duty</spirit:displayName>
      <spirit:value spirit:format="long" spirit:resolve="user" spirit:id="PARAM_VALUE.PWM_DUTY" spirit:minimum="0" spirit:maximum="1000" spirit:rangeType="long">500</spirit:value>
      <spirit:vendorExtensions>
        <xilinx:parameterInfo>
          <xilinx:enablement>
            <xilinx:isEnabled xilinx:resolve="generated" xilinx:id="PARAM_ENABLEMENT.PWM_DUTY">true</xilinx:isEnabled>
          </xilinx:enablement>
        </xilinx:parameterInfo>
      </spirit:vendorExtensions>
    </spirit:parameter>
    <spirit:parameter>
      <spirit:name>RST_ACTIVE</spirit:name>
      <spirit:displayName>Rst Active</spirit:displayName>
      <spirit:value spirit:resolve="user" spirit:id="PARAM_VALUE.RST_ACTIVE" spirit:choiceRef="choice_list_9d8b0d81">ACTIVE_HIGH</spirit:value>
    </spirit:parameter>
  </spirit:parameters>
  <spirit:vendorExtensions>
    <xilinx:coreExtensions>
      <xilinx:supportedFamilies>
        <xilinx:family xilinx:lifeCycle="Production">virtex7</xilinx:family>
        <xilinx:family xilinx:lifeCycle="Production">qvirtex7</xilinx:family>
        <xilinx:family xilinx:lifeCycle="Production">versal</xilinx:family>
        <xilinx:family xilinx:lifeCycle="Production">kintex7</xilinx:family>
        <xilinx:family xilinx:lifeCycle="Production">kintex7l</xilinx:family>
        <xilinx:family xilinx:lifeCycle="Production">qkintex7</xilinx:family>
        <xilinx:family xilinx:lifeCycle="Production">qkintex7l</xilinx:family>
        <xilinx:family xilinx:lifeCycle="Production">akintex7</xilinx:family>
        <xilinx:family xilinx:lifeCycle="Production">artix7</xilinx:family>
        <xilinx:family xilinx:lifeCycle="Production">artix7l</xilinx:family>
        <xilinx:family xilinx:lifeCycle="Production">aartix7</xilinx:family>
        <xilinx:family xilinx:lifeCycle="Production">qartix7</xilinx:family>
        <xilinx:family xilinx:lifeCycle="Production">zynq</xilinx:family>
        <xilinx:family xilinx:lifeCycle="Production">qzynq</xilinx:family>
        <xilinx:family xilinx:lifeCycle="Production">azynq</xilinx:family>
        <xilinx:family xilinx:lifeCycle="Production">spartan7</xilinx:family>
        <xilinx:family xilinx:lifeCycle="Production">aspartan7</xilinx:family>
        <xilinx:family xilinx:lifeCycle="Production">virtexu</xilinx:family>
        <xilinx:family xilinx:lifeCycle="Production">zynquplus</xilinx:family>
        <xilinx:family xilinx:lifeCycle="Production">virtexuplus</xilinx:family>
        <xilinx:family xilinx:lifeCycle="Production">virtexuplusHBM</xilinx:family>
        <xilinx:family xilinx:lifeCycle="Production">virtexuplus58g</xilinx:family>
        <xilinx:family xilinx:lifeCycle="Production">kintexuplus</xilinx:family>
        <xilinx:family xilinx:lifeCycle="Production">kintexu</xilinx:family>
      </xilinx:supportedFamilies>
      <xilinx:taxonomies>
        <xilinx:taxonomy>/UserIP</xilinx:taxonomy>
      </xilinx:taxonomies>
      <xilinx:displayName>PWM_GENERATE_v1_0</xilinx:displayName>
      <xilinx:definitionSource>package_project</xilinx:definitionSource>
      <xilinx:coreRevision>8</xilinx:coreRevision>
      <xilinx:coreCreationDateTime>2022-11-09T08:06:14Z</xilinx:coreCreationDateTime>
      <xilinx:tags>
        <xilinx:tag xilinx:name="ui.data.coregen.dd@532e45ac_ARCHIVE_LOCATION">d:/fpga_code/my_ip/pwm_generate/pwm_generate.srcs/sources_1/new</xilinx:tag>
        <xilinx:tag xilinx:name="ui.data.coregen.dd@7f0d3cb8_ARCHIVE_LOCATION">d:/fpga_code/my_ip/pwm_generate/pwm_generate.srcs/sources_1/new</xilinx:tag>
        <xilinx:tag xilinx:name="ui.data.coregen.dd@390029a_ARCHIVE_LOCATION">d:/fpga_code/my_ip/pwm_generate/pwm_generate.srcs/sources_1/new</xilinx:tag>
        <xilinx:tag xilinx:name="ui.data.coregen.dd@7ddf79b8_ARCHIVE_LOCATION">d:/fpga_code/my_ip/pwm_generate/pwm_generate.srcs/sources_1/new</xilinx:tag>
        <xilinx:tag xilinx:name="ui.data.coregen.dd@763ee11b_ARCHIVE_LOCATION">d:/fpga_code/my_ip/pwm_generate/pwm_generate.srcs/sources_1/new</xilinx:tag>
        <xilinx:tag xilinx:name="ui.data.coregen.dd@748250f1_ARCHIVE_LOCATION">d:/fpga_code/my_ip/pwm_generate/pwm_generate.srcs/sources_1/new</xilinx:tag>
        <xilinx:tag xilinx:name="ui.data.coregen.dd@22afe445_ARCHIVE_LOCATION">d:/fpga_code/my_ip/pwm_generate/pwm_generate.srcs/sources_1/new</xilinx:tag>
        <xilinx:tag xilinx:name="ui.data.coregen.dd@108ea680_ARCHIVE_LOCATION">d:/fpga_code/my_ip/pwm_generate/pwm_generate.srcs/sources_1/new</xilinx:tag>
        <xilinx:tag xilinx:name="ui.data.coregen.dd@1d1547a9_ARCHIVE_LOCATION">d:/fpga_code/my_ip/pwm_generate/pwm_generate.srcs/sources_1/new</xilinx:tag>
        <xilinx:tag xilinx:name="ui.data.coregen.dd@1e53cc21_ARCHIVE_LOCATION">d:/fpga_code/my_ip/pwm_generate/pwm_generate.srcs/sources_1/new</xilinx:tag>
        <xilinx:tag xilinx:name="ui.data.coregen.dd@1c5c80f9_ARCHIVE_LOCATION">d:/fpga_code/my_ip/pwm_generate/pwm_generate.srcs/sources_1/new</xilinx:tag>
        <xilinx:tag xilinx:name="ui.data.coregen.dd@55988916_ARCHIVE_LOCATION">d:/fpga_code/my_ip/pwm_generate/pwm_generate.srcs/sources_1/new</xilinx:tag>
        <xilinx:tag xilinx:name="ui.data.coregen.dd@463c52fb_ARCHIVE_LOCATION">d:/fpga_code/my_ip/pwm_generate/pwm_generate.srcs/sources_1/new</xilinx:tag>
        <xilinx:tag xilinx:name="ui.data.coregen.dd@591b59d7_ARCHIVE_LOCATION">d:/fpga_code/my_ip/pwm_generate/pwm_generate.srcs/sources_1/new</xilinx:tag>
        <xilinx:tag xilinx:name="ui.data.coregen.dd@28af3f6_ARCHIVE_LOCATION">d:/fpga_code/my_ip/pwm_generate/pwm_generate.srcs/sources_1/new</xilinx:tag>
        <xilinx:tag xilinx:name="ui.data.coregen.dd@364161e9_ARCHIVE_LOCATION">d:/fpga_code/my_ip/pwm_generate/pwm_generate.srcs/sources_1/new</xilinx:tag>
        <xilinx:tag xilinx:name="ui.data.coregen.dd@56c7ee4a_ARCHIVE_LOCATION">d:/fpga_code/my_ip/pwm_generate/pwm_generate.srcs/sources_1/new</xilinx:tag>
        <xilinx:tag xilinx:name="ui.data.coregen.dd@73bec197_ARCHIVE_LOCATION">d:/fpga_code/my_ip/pwm_generate/pwm_generate.srcs/sources_1/new</xilinx:tag>
        <xilinx:tag xilinx:name="ui.data.coregen.dd@4d00be73_ARCHIVE_LOCATION">d:/fpga_code/my_ip/pwm_generate/pwm_generate.srcs/sources_1/new</xilinx:tag>
        <xilinx:tag xilinx:name="ui.data.coregen.dd@578c297a_ARCHIVE_LOCATION">d:/fpga_code/my_ip/pwm_generate/pwm_generate.srcs/sources_1/new</xilinx:tag>
        <xilinx:tag xilinx:name="ui.data.coregen.dd@503d366f_ARCHIVE_LOCATION">d:/fpga_code/my_ip/pwm_generate/pwm_generate.srcs/sources_1/new</xilinx:tag>
        <xilinx:tag xilinx:name="ui.data.coregen.dd@21c28abf_ARCHIVE_LOCATION">d:/fpga_code/my_ip/pwm_generate/pwm_generate.srcs/sources_1/new</xilinx:tag>
        <xilinx:tag xilinx:name="ui.data.coregen.dd@31c10afb_ARCHIVE_LOCATION">d:/fpga_code/my_ip/pwm_generate/pwm_generate.srcs/sources_1/new</xilinx:tag>
        <xilinx:tag xilinx:name="ui.data.coregen.dd@33686ce5_ARCHIVE_LOCATION">d:/fpga_code/my_ip/pwm_generate/pwm_generate.srcs/sources_1/new</xilinx:tag>
        <xilinx:tag xilinx:name="ui.data.coregen.dd@1db11a5d_ARCHIVE_LOCATION">d:/fpga_code/my_ip/pwm_generate/pwm_generate.srcs/sources_1/new</xilinx:tag>
        <xilinx:tag xilinx:name="ui.data.coregen.dd@1e4280f2_ARCHIVE_LOCATION">d:/fpga_code/my_ip/pwm_generate/pwm_generate.srcs/sources_1/new</xilinx:tag>
        <xilinx:tag xilinx:name="ui.data.coregen.dd@63ff3594_ARCHIVE_LOCATION">d:/fpga_code/my_ip/pwm_generate/pwm_generate.srcs/sources_1/new</xilinx:tag>
        <xilinx:tag xilinx:name="ui.data.coregen.dd@34caeea1_ARCHIVE_LOCATION">d:/fpga_code/my_ip/pwm_generate/pwm_generate.srcs/sources_1/new</xilinx:tag>
        <xilinx:tag xilinx:name="ui.data.coregen.dd@68202d7a_ARCHIVE_LOCATION">d:/fpga_code/my_ip/pwm_generate/pwm_generate.srcs/sources_1/new</xilinx:tag>
        <xilinx:tag xilinx:name="ui.data.coregen.dd@4f844f58_ARCHIVE_LOCATION">d:/fpga_code/my_ip/pwm_generate/pwm_generate.srcs/sources_1/new</xilinx:tag>
        <xilinx:tag xilinx:name="ui.data.coregen.dd@3653a85b_ARCHIVE_LOCATION">d:/fpga_code/my_ip/pwm_generate/pwm_generate.srcs/sources_1/new</xilinx:tag>
        <xilinx:tag xilinx:name="ui.data.coregen.dd@4d820644_ARCHIVE_LOCATION">d:/fpga_code/my_ip/pwm_generate/pwm_generate.srcs/sources_1/new</xilinx:tag>
        <xilinx:tag xilinx:name="ui.data.coregen.dd@39c338c3_ARCHIVE_LOCATION">d:/FPGA_CODE/My_IP/PWM_GENERATE/PWM_GENERATE.srcs/sources_1/new</xilinx:tag>
        <xilinx:tag xilinx:name="ui.data.coregen.dd@4d2fb313_ARCHIVE_LOCATION">d:/FPGA_CODE/My_IP/PWM_GENERATE/PWM_GENERATE.srcs/sources_1/new</xilinx:tag>
        <xilinx:tag xilinx:name="ui.data.coregen.dd@f96e811_ARCHIVE_LOCATION">d:/FPGA_CODE/My_IP/PWM_GENERATE/PWM_GENERATE.srcs/sources_1/new</xilinx:tag>
        <xilinx:tag xilinx:name="ui.data.coregen.dd@2628b13d_ARCHIVE_LOCATION">d:/FPGA_CODE/My_IP/PWM_GENERATE/PWM_GENERATE.srcs/sources_1/new</xilinx:tag>
        <xilinx:tag xilinx:name="ui.data.coregen.dd@4450de2a_ARCHIVE_LOCATION">d:/FPGA_CODE/My_IP/PWM_GENERATE/PWM_GENERATE.srcs/sources_1/new</xilinx:tag>
        <xilinx:tag xilinx:name="ui.data.coregen.dd@1436f247_ARCHIVE_LOCATION">d:/FPGA_CODE/My_IP/PWM_GENERATE/PWM_GENERATE.srcs/sources_1/new</xilinx:tag>
        <xilinx:tag xilinx:name="ui.data.coregen.dd@54e2697c_ARCHIVE_LOCATION">d:/FPGA_CODE/My_IP/PWM_GENERATE/PWM_GENERATE.srcs/sources_1/new</xilinx:tag>
        <xilinx:tag xilinx:name="ui.data.coregen.dd@29208cb5_ARCHIVE_LOCATION">d:/FPGA_CODE/My_IP/PWM_GENERATE/PWM_GENERATE.srcs/sources_1/new</xilinx:tag>
        <xilinx:tag xilinx:name="ui.data.coregen.dd@77a4f755_ARCHIVE_LOCATION">d:/FPGA_CODE/My_IP/PWM_GENERATE/PWM_GENERATE.srcs/sources_1/new</xilinx:tag>
        <xilinx:tag xilinx:name="ui.data.coregen.dd@344688a2_ARCHIVE_LOCATION">d:/FPGA_CODE/My_IP/PWM_GENERATE/PWM_GENERATE.srcs/sources_1/new</xilinx:tag>
        <xilinx:tag xilinx:name="ui.data.coregen.dd@1f120f15_ARCHIVE_LOCATION">d:/FPGA_CODE/My_IP/PWM_GENERATE/PWM_GENERATE.srcs/sources_1/new</xilinx:tag>
        <xilinx:tag xilinx:name="ui.data.coregen.dd@7f105b7c_ARCHIVE_LOCATION">d:/FPGA_CODE/My_IP/PWM_GENERATE/PWM_GENERATE.srcs/sources_1/new</xilinx:tag>
        <xilinx:tag xilinx:name="ui.data.coregen.dd@726340d3_ARCHIVE_LOCATION">d:/FPGA_CODE/My_IP/PWM_GENERATE/PWM_GENERATE.srcs/sources_1/new</xilinx:tag>
        <xilinx:tag xilinx:name="ui.data.coregen.dd@999e7e_ARCHIVE_LOCATION">d:/FPGA_CODE/My_IP/PWM_GENERATE/PWM_GENERATE.srcs/sources_1/new</xilinx:tag>
        <xilinx:tag xilinx:name="ui.data.coregen.dd@482a1c61_ARCHIVE_LOCATION">d:/FPGA_CODE/My_IP/PWM_GENERATE/PWM_GENERATE.srcs/sources_1/new</xilinx:tag>
        <xilinx:tag xilinx:name="ui.data.coregen.dd@1afa6c34_ARCHIVE_LOCATION">d:/FPGA_CODE/My_IP/PWM_GENERATE/PWM_GENERATE.srcs/sources_1/new</xilinx:tag>
        <xilinx:tag xilinx:name="ui.data.coregen.dd@2e867b2f_ARCHIVE_LOCATION">d:/FPGA_CODE/My_IP/PWM_GENERATE/PWM_GENERATE.srcs/sources_1/new</xilinx:tag>
        <xilinx:tag xilinx:name="ui.data.coregen.dd@5c643c6f_ARCHIVE_LOCATION">d:/FPGA_CODE/My_IP/PWM_GENERATE/PWM_GENERATE.srcs/sources_1/new</xilinx:tag>
        <xilinx:tag xilinx:name="ui.data.coregen.dd@16d86621_ARCHIVE_LOCATION">d:/FPGA_CODE/My_IP/PWM_GENERATE/PWM_GENERATE.srcs/sources_1/new</xilinx:tag>
        <xilinx:tag xilinx:name="ui.data.coregen.dd@2005bccb_ARCHIVE_LOCATION">d:/FPGA_CODE/My_IP/PWM_GENERATE/PWM_GENERATE.srcs/sources_1/new</xilinx:tag>
        <xilinx:tag xilinx:name="ui.data.coregen.dd@4cb66ef4_ARCHIVE_LOCATION">d:/FPGA_CODE/My_IP/PWM_GENERATE/PWM_GENERATE.srcs/sources_1/new</xilinx:tag>
        <xilinx:tag xilinx:name="ui.data.coregen.dd@62655395_ARCHIVE_LOCATION">d:/FPGA_CODE/My_IP/PWM_GENERATE/PWM_GENERATE.srcs/sources_1/new</xilinx:tag>
        <xilinx:tag xilinx:name="ui.data.coregen.dd@57ef48f9_ARCHIVE_LOCATION">d:/FPGA_CODE/My_IP/PWM_GENERATE/PWM_GENERATE.srcs/sources_1/new</xilinx:tag>
        <xilinx:tag xilinx:name="ui.data.coregen.dd@5464bdeb_ARCHIVE_LOCATION">d:/FPGA_CODE/My_IP/PWM_GENERATE/PWM_GENERATE.srcs/sources_1/new</xilinx:tag>
        <xilinx:tag xilinx:name="ui.data.coregen.dd@2fd855f9_ARCHIVE_LOCATION">d:/FPGA_CODE/My_IP/PWM_GENERATE/PWM_GENERATE.srcs/sources_1/new</xilinx:tag>
        <xilinx:tag xilinx:name="ui.data.coregen.dd@1b0e8eb9_ARCHIVE_LOCATION">d:/FPGA_CODE/My_IP/PWM_GENERATE/PWM_GENERATE.srcs/sources_1/new</xilinx:tag>
        <xilinx:tag xilinx:name="ui.data.coregen.dd@2c11a41f_ARCHIVE_LOCATION">d:/FPGA_CODE/My_IP/PWM_GENERATE/PWM_GENERATE.srcs/sources_1/new</xilinx:tag>
        <xilinx:tag xilinx:name="ui.data.coregen.dd@247eaa19_ARCHIVE_LOCATION">d:/FPGA_CODE/My_IP/PWM_GENERATE/PWM_GENERATE.srcs/sources_1/new</xilinx:tag>
        <xilinx:tag xilinx:name="ui.data.coregen.dd@de2f318_ARCHIVE_LOCATION">d:/FPGA_CODE/My_IP/PWM_GENERATE/PWM_GENERATE.srcs/sources_1/new</xilinx:tag>
        <xilinx:tag xilinx:name="ui.data.coregen.dd@2a39858c_ARCHIVE_LOCATION">d:/FPGA_CODE/My_IP/PWM_GENERATE/PWM_GENERATE.srcs/sources_1/new</xilinx:tag>
        <xilinx:tag xilinx:name="ui.data.coregen.dd@5f9059ff_ARCHIVE_LOCATION">d:/FPGA_CODE/My_IP/PWM_GENERATE/PWM_GENERATE.srcs/sources_1/new</xilinx:tag>
        <xilinx:tag xilinx:name="ui.data.coregen.dd@290f5b06_ARCHIVE_LOCATION">d:/FPGA_CODE/My_IP/PWM_GENERATE/PWM_GENERATE.srcs/sources_1/new</xilinx:tag>
        <xilinx:tag xilinx:name="ui.data.coregen.dd@2fe1f627_ARCHIVE_LOCATION">d:/FPGA_CODE/My_IP/PWM_GENERATE/PWM_GENERATE.srcs/sources_1/new</xilinx:tag>
        <xilinx:tag xilinx:name="ui.data.coregen.dd@53fb729e_ARCHIVE_LOCATION">d:/FPGA_CODE/My_IP/PWM_GENERATE/PWM_GENERATE.srcs/sources_1/new</xilinx:tag>
        <xilinx:tag xilinx:name="ui.data.coregen.dd@60a7b9be_ARCHIVE_LOCATION">d:/FPGA_CODE/My_IP/PWM_GENERATE/PWM_GENERATE.srcs/sources_1/new</xilinx:tag>
        <xilinx:tag xilinx:name="ui.data.coregen.dd@2b2faad3_ARCHIVE_LOCATION">d:/FPGA_CODE/My_IP/PWM_GENERATE/PWM_GENERATE.srcs/sources_1/new</xilinx:tag>
        <xilinx:tag xilinx:name="ui.data.coregen.dd@6a77c4fd_ARCHIVE_LOCATION">d:/FPGA_CODE/My_IP/PWM_GENERATE/PWM_GENERATE.srcs/sources_1/new</xilinx:tag>
        <xilinx:tag xilinx:name="ui.data.coregen.dd@1b7ac2e7_ARCHIVE_LOCATION">d:/FPGA_CODE/My_IP/PWM_GENERATE/PWM_GENERATE.srcs/sources_1/new</xilinx:tag>
        <xilinx:tag xilinx:name="ui.data.coregen.dd@7d20208e_ARCHIVE_LOCATION">d:/FPGA_CODE/My_IP/PWM_GENERATE/PWM_GENERATE.srcs/sources_1/new</xilinx:tag>
        <xilinx:tag xilinx:name="ui.data.coregen.dd@678d9e2e_ARCHIVE_LOCATION">d:/FPGA_CODE/My_IP/PWM_GENERATE/PWM_GENERATE.srcs/sources_1/new</xilinx:tag>
        <xilinx:tag xilinx:name="ui.data.coregen.dd@49051973_ARCHIVE_LOCATION">d:/FPGA_CODE/My_IP/PWM_GENERATE/PWM_GENERATE.srcs/sources_1/new</xilinx:tag>
        <xilinx:tag xilinx:name="ui.data.coregen.dd@3eaff17_ARCHIVE_LOCATION">d:/FPGA_CODE/My_IP/PWM_GENERATE/PWM_GENERATE.srcs/sources_1/new</xilinx:tag>
        <xilinx:tag xilinx:name="ui.data.coregen.dd@23daa05c_ARCHIVE_LOCATION">d:/FPGA_CODE/My_IP/PWM_GENERATE/PWM_GENERATE.srcs/sources_1/new</xilinx:tag>
        <xilinx:tag xilinx:name="ui.data.coregen.dd@1a723665_ARCHIVE_LOCATION">d:/FPGA_CODE/My_IP/PWM_GENERATE/PWM_GENERATE.srcs/sources_1/new</xilinx:tag>
        <xilinx:tag xilinx:name="ui.data.coregen.dd@c048cb9_ARCHIVE_LOCATION">d:/FPGA_CODE/My_IP/PWM_GENERATE/PWM_GENERATE.srcs/sources_1/new</xilinx:tag>
        <xilinx:tag xilinx:name="ui.data.coregen.dd@6076ca01_ARCHIVE_LOCATION">d:/FPGA_CODE/My_IP/PWM_GENERATE/PWM_GENERATE.srcs/sources_1/new</xilinx:tag>
        <xilinx:tag xilinx:name="ui.data.coregen.dd@755e2914_ARCHIVE_LOCATION">d:/FPGA_CODE/My_IP/PWM_GENERATE/PWM_GENERATE.srcs/sources_1/new</xilinx:tag>
        <xilinx:tag xilinx:name="ui.data.coregen.dd@780c313c_ARCHIVE_LOCATION">d:/FPGA_CODE/My_IP/PWM_GENERATE/PWM_GENERATE.srcs/sources_1/new</xilinx:tag>
        <xilinx:tag xilinx:name="ui.data.coregen.dd@45875ea2_ARCHIVE_LOCATION">d:/FPGA_CODE/My_IP/PWM_GENERATE/PWM_GENERATE.srcs/sources_1/new</xilinx:tag>
        <xilinx:tag xilinx:name="ui.data.coregen.dd@5a20481f_ARCHIVE_LOCATION">d:/FPGA_CODE/My_IP/PWM_GENERATE/PWM_GENERATE.srcs/sources_1/new</xilinx:tag>
        <xilinx:tag xilinx:name="ui.data.coregen.dd@6843b73a_ARCHIVE_LOCATION">d:/FPGA_CODE/My_IP/PWM_GENERATE/PWM_GENERATE.srcs/sources_1/new</xilinx:tag>
        <xilinx:tag xilinx:name="ui.data.coregen.dd@55ab95f1_ARCHIVE_LOCATION">d:/FPGA_CODE/My_IP/PWM_GENERATE/PWM_GENERATE.srcs/sources_1/new</xilinx:tag>
        <xilinx:tag xilinx:name="ui.data.coregen.dd@142b493a_ARCHIVE_LOCATION">d:/FPGA_CODE/My_IP/PWM_GENERATE/PWM_GENERATE.srcs/sources_1/new</xilinx:tag>
        <xilinx:tag xilinx:name="ui.data.coregen.dd@34ceb4fc_ARCHIVE_LOCATION">d:/FPGA_CODE/My_IP/PWM_GENERATE/PWM_GENERATE.srcs/sources_1/new</xilinx:tag>
        <xilinx:tag xilinx:name="ui.data.coregen.dd@57d82e21_ARCHIVE_LOCATION">d:/FPGA_CODE/My_IP/PWM_GENERATE/PWM_GENERATE.srcs/sources_1/new</xilinx:tag>
        <xilinx:tag xilinx:name="ui.data.coregen.dd@73589fa2_ARCHIVE_LOCATION">d:/FPGA_CODE/My_IP/PWM_GENERATE/PWM_GENERATE.srcs/sources_1/new</xilinx:tag>
        <xilinx:tag xilinx:name="ui.data.coregen.dd@89738d8_ARCHIVE_LOCATION">d:/FPGA_CODE/My_IP/PWM_GENERATE/PWM_GENERATE.srcs/sources_1/new</xilinx:tag>
      </xilinx:tags>
    </xilinx:coreExtensions>
    <xilinx:packagingInfo>
      <xilinx:xilinxVersion>2020.2</xilinx:xilinxVersion>
      <xilinx:checksum xilinx:scope="busInterfaces" xilinx:value="795d3ab6"/>
      <xilinx:checksum xilinx:scope="fileGroups" xilinx:value="a1daafa6"/>
      <xilinx:checksum xilinx:scope="ports" xilinx:value="50f9d6ae"/>
      <xilinx:checksum xilinx:scope="hdlParameters" xilinx:value="3c91109a"/>
      <xilinx:checksum xilinx:scope="parameters" xilinx:value="9c7ed264"/>
    </xilinx:packagingInfo>
  </spirit:vendorExtensions>
</spirit:component>
