<?xml version="1.0" encoding="UTF-8"?>
<spirit:component xmlns:xilinx="http://www.xilinx.com" xmlns:spirit="http://www.spiritconsortium.org/XMLSchema/SPIRIT/1685-2009" xmlns:xsi="http://www.w3.org/2001/XMLSchema-instance">
  <spirit:vendor>xilinx.com</spirit:vendor>
  <spirit:library>user</spirit:library>
  <spirit:name>SMG_DISPLAY</spirit:name>
  <spirit:version>1.0</spirit:version>
  <spirit:busInterfaces>
    <spirit:busInterface>
      <spirit:name>RST</spirit:name>
      <spirit:busType spirit:vendor="xilinx.com" spirit:library="signal" spirit:name="reset" spirit:version="1.0"/>
      <spirit:abstractionType spirit:vendor="xilinx.com" spirit:library="signal" spirit:name="reset_rtl" spirit:version="1.0"/>
      <spirit:slave/>
      <spirit:portMaps>
        <spirit:portMap>
          <spirit:logicalPort>
            <spirit:name>RST</spirit:name>
          </spirit:logicalPort>
          <spirit:physicalPort>
            <spirit:name>RST</spirit:name>
          </spirit:physicalPort>
        </spirit:portMap>
      </spirit:portMaps>
    </spirit:busInterface>
    <spirit:busInterface>
      <spirit:name>CLK</spirit:name>
      <spirit:busType spirit:vendor="xilinx.com" spirit:library="signal" spirit:name="clock" spirit:version="1.0"/>
      <spirit:abstractionType spirit:vendor="xilinx.com" spirit:library="signal" spirit:name="clock_rtl" spirit:version="1.0"/>
      <spirit:slave/>
      <spirit:portMaps>
        <spirit:portMap>
          <spirit:logicalPort>
            <spirit:name>CLK</spirit:name>
          </spirit:logicalPort>
          <spirit:physicalPort>
            <spirit:name>CLK</spirit:name>
          </spirit:physicalPort>
        </spirit:portMap>
      </spirit:portMaps>
      <spirit:parameters>
        <spirit:parameter>
          <spirit:name>ASSOCIATED_RESET</spirit:name>
          <spirit:value spirit:id="BUSIFPARAM_VALUE.CLK.ASSOCIATED_RESET">RST</spirit:value>
        </spirit:parameter>
      </spirit:parameters>
    </spirit:busInterface>
  </spirit:busInterfaces>
  <spirit:model>
    <spirit:views>
      <spirit:view>
        <spirit:name>xilinx_anylanguagesynthesis</spirit:name>
        <spirit:displayName>Synthesis</spirit:displayName>
        <spirit:envIdentifier>:vivado.xilinx.com:synthesis</spirit:envIdentifier>
        <spirit:language>VHDL</spirit:language>
        <spirit:modelName>SMG_DISPLAY</spirit:modelName>
        <spirit:fileSetRef>
          <spirit:localName>xilinx_anylanguagesynthesis_view_fileset</spirit:localName>
        </spirit:fileSetRef>
        <spirit:parameters>
          <spirit:parameter>
            <spirit:name>viewChecksum</spirit:name>
            <spirit:value>f2fbfb88</spirit:value>
          </spirit:parameter>
        </spirit:parameters>
      </spirit:view>
      <spirit:view>
        <spirit:name>xilinx_anylanguagebehavioralsimulation</spirit:name>
        <spirit:displayName>Simulation</spirit:displayName>
        <spirit:envIdentifier>:vivado.xilinx.com:simulation</spirit:envIdentifier>
        <spirit:language>VHDL</spirit:language>
        <spirit:modelName>SMG_DISPLAY</spirit:modelName>
        <spirit:fileSetRef>
          <spirit:localName>xilinx_anylanguagebehavioralsimulation_view_fileset</spirit:localName>
        </spirit:fileSetRef>
        <spirit:parameters>
          <spirit:parameter>
            <spirit:name>viewChecksum</spirit:name>
            <spirit:value>f2fbfb88</spirit:value>
          </spirit:parameter>
        </spirit:parameters>
      </spirit:view>
      <spirit:view>
        <spirit:name>xilinx_xpgui</spirit:name>
        <spirit:displayName>UI Layout</spirit:displayName>
        <spirit:envIdentifier>:vivado.xilinx.com:xgui.ui</spirit:envIdentifier>
        <spirit:fileSetRef>
          <spirit:localName>xilinx_xpgui_view_fileset</spirit:localName>
        </spirit:fileSetRef>
        <spirit:parameters>
          <spirit:parameter>
            <spirit:name>viewChecksum</spirit:name>
            <spirit:value>440e8f48</spirit:value>
          </spirit:parameter>
        </spirit:parameters>
      </spirit:view>
      <spirit:view>
        <spirit:name>xilinx_utilityxitfiles</spirit:name>
        <spirit:displayName>Utility XIT/TTCL</spirit:displayName>
        <spirit:envIdentifier>:vivado.xilinx.com:xit.util</spirit:envIdentifier>
        <spirit:fileSetRef>
          <spirit:localName>xilinx_utilityxitfiles_view_fileset</spirit:localName>
        </spirit:fileSetRef>
        <spirit:parameters>
          <spirit:parameter>
            <spirit:name>viewChecksum</spirit:name>
            <spirit:value>847fa33d</spirit:value>
          </spirit:parameter>
        </spirit:parameters>
      </spirit:view>
    </spirit:views>
    <spirit:ports>
      <spirit:port>
        <spirit:name>CLK</spirit:name>
        <spirit:wire>
          <spirit:direction>in</spirit:direction>
          <spirit:wireTypeDefs>
            <spirit:wireTypeDef>
              <spirit:typeName>STD_LOGIC</spirit:typeName>
              <spirit:viewNameRef>xilinx_anylanguagesynthesis</spirit:viewNameRef>
              <spirit:viewNameRef>xilinx_anylanguagebehavioralsimulation</spirit:viewNameRef>
            </spirit:wireTypeDef>
          </spirit:wireTypeDefs>
        </spirit:wire>
      </spirit:port>
      <spirit:port>
        <spirit:name>RST</spirit:name>
        <spirit:wire>
          <spirit:direction>in</spirit:direction>
          <spirit:wireTypeDefs>
            <spirit:wireTypeDef>
              <spirit:typeName>STD_LOGIC</spirit:typeName>
              <spirit:viewNameRef>xilinx_anylanguagesynthesis</spirit:viewNameRef>
              <spirit:viewNameRef>xilinx_anylanguagebehavioralsimulation</spirit:viewNameRef>
            </spirit:wireTypeDef>
          </spirit:wireTypeDefs>
        </spirit:wire>
      </spirit:port>
      <spirit:port>
        <spirit:name>DATA_IN</spirit:name>
        <spirit:wire>
          <spirit:direction>in</spirit:direction>
          <spirit:vector>
            <spirit:left spirit:format="long">31</spirit:left>
            <spirit:right spirit:format="long">0</spirit:right>
          </spirit:vector>
          <spirit:wireTypeDefs>
            <spirit:wireTypeDef>
              <spirit:typeName>STD_LOGIC_VECTOR</spirit:typeName>
              <spirit:viewNameRef>xilinx_anylanguagesynthesis</spirit:viewNameRef>
              <spirit:viewNameRef>xilinx_anylanguagebehavioralsimulation</spirit:viewNameRef>
            </spirit:wireTypeDef>
          </spirit:wireTypeDefs>
        </spirit:wire>
      </spirit:port>
      <spirit:port>
        <spirit:name>SMG_WX</spirit:name>
        <spirit:wire>
          <spirit:direction>out</spirit:direction>
          <spirit:vector>
            <spirit:left spirit:format="long" spirit:resolve="dependent" spirit:dependency="(spirit:decode(id(&apos;MODELPARAM_VALUE.SMG_BIT&apos;)) - 1)">7</spirit:left>
            <spirit:right spirit:format="long">0</spirit:right>
          </spirit:vector>
          <spirit:wireTypeDefs>
            <spirit:wireTypeDef>
              <spirit:typeName>STD_LOGIC_VECTOR</spirit:typeName>
              <spirit:viewNameRef>xilinx_anylanguagesynthesis</spirit:viewNameRef>
              <spirit:viewNameRef>xilinx_anylanguagebehavioralsimulation</spirit:viewNameRef>
            </spirit:wireTypeDef>
          </spirit:wireTypeDefs>
        </spirit:wire>
      </spirit:port>
      <spirit:port>
        <spirit:name>SMG_DX</spirit:name>
        <spirit:wire>
          <spirit:direction>out</spirit:direction>
          <spirit:vector>
            <spirit:left spirit:format="long">7</spirit:left>
            <spirit:right spirit:format="long">0</spirit:right>
          </spirit:vector>
          <spirit:wireTypeDefs>
            <spirit:wireTypeDef>
              <spirit:typeName>STD_LOGIC_VECTOR</spirit:typeName>
              <spirit:viewNameRef>xilinx_anylanguagesynthesis</spirit:viewNameRef>
              <spirit:viewNameRef>xilinx_anylanguagebehavioralsimulation</spirit:viewNameRef>
            </spirit:wireTypeDef>
          </spirit:wireTypeDefs>
        </spirit:wire>
      </spirit:port>
    </spirit:ports>
    <spirit:modelParameters>
      <spirit:modelParameter xsi:type="spirit:nameValueTypeType" spirit:dataType="INTEGER">
        <spirit:name>REF_CLK_FREQUENCY</spirit:name>
        <spirit:displayName>Ref Clk Frequency</spirit:displayName>
        <spirit:value spirit:format="long" spirit:resolve="generated" spirit:id="MODELPARAM_VALUE.REF_CLK_FREQUENCY">200</spirit:value>
      </spirit:modelParameter>
      <spirit:modelParameter spirit:dataType="STRING">
        <spirit:name>RST_ACTIVE</spirit:name>
        <spirit:displayName>Rst Active</spirit:displayName>
        <spirit:value spirit:resolve="generated" spirit:id="MODELPARAM_VALUE.RST_ACTIVE">ACTIVE_HIGH</spirit:value>
      </spirit:modelParameter>
      <spirit:modelParameter spirit:dataType="STRING">
        <spirit:name>DATA_TYPE</spirit:name>
        <spirit:displayName>Data Type</spirit:displayName>
        <spirit:value spirit:resolve="generated" spirit:id="MODELPARAM_VALUE.DATA_TYPE">INTEGER</spirit:value>
      </spirit:modelParameter>
      <spirit:modelParameter spirit:dataType="BOOLEAN">
        <spirit:name>ENABLE_CHAR_CUSTOM</spirit:name>
        <spirit:displayName>Enable Char Custom</spirit:displayName>
        <spirit:value spirit:format="bool" spirit:resolve="generated" spirit:id="MODELPARAM_VALUE.ENABLE_CHAR_CUSTOM">FALSE</spirit:value>
      </spirit:modelParameter>
      <spirit:modelParameter spirit:dataType="STRING">
        <spirit:name>SMG_WX_ACTIVE</spirit:name>
        <spirit:displayName>Smg Wx Active</spirit:displayName>
        <spirit:value spirit:resolve="generated" spirit:id="MODELPARAM_VALUE.SMG_WX_ACTIVE">ACTIVE_HIGH</spirit:value>
      </spirit:modelParameter>
      <spirit:modelParameter spirit:dataType="STRING">
        <spirit:name>SMG_DX_ACTIVE</spirit:name>
        <spirit:displayName>Smg Dx Active</spirit:displayName>
        <spirit:value spirit:resolve="generated" spirit:id="MODELPARAM_VALUE.SMG_DX_ACTIVE">ACTIVE_HIGH</spirit:value>
      </spirit:modelParameter>
      <spirit:modelParameter spirit:dataType="INTEGER">
        <spirit:name>SMG_BIT</spirit:name>
        <spirit:displayName>Smg Bit</spirit:displayName>
        <spirit:value spirit:format="long" spirit:resolve="generated" spirit:id="MODELPARAM_VALUE.SMG_BIT">8</spirit:value>
      </spirit:modelParameter>
      <spirit:modelParameter spirit:dataType="STD_LOGIC_VECTOR(7 downto 0)">
        <spirit:name>CUSTOM_CHAR1</spirit:name>
        <spirit:displayName>Custom Char1</spirit:displayName>
        <spirit:value spirit:format="bitString" spirit:resolve="generated" spirit:id="MODELPARAM_VALUE.CUSTOM_CHAR1" spirit:bitStringLength="8">&quot;00000000&quot;</spirit:value>
        <spirit:vendorExtensions>
          <xilinx:parameterInfo>
            <xilinx:enablement>
              <xilinx:isEnabled xilinx:id="MODELPARAM_ENABLEMENT.CUSTOM_CHAR1">false</xilinx:isEnabled>
            </xilinx:enablement>
          </xilinx:parameterInfo>
        </spirit:vendorExtensions>
      </spirit:modelParameter>
      <spirit:modelParameter spirit:dataType="STD_LOGIC_VECTOR(7 downto 0)">
        <spirit:name>CUSTOM_CHAR2</spirit:name>
        <spirit:displayName>Custom Char2</spirit:displayName>
        <spirit:value spirit:format="bitString" spirit:resolve="generated" spirit:id="MODELPARAM_VALUE.CUSTOM_CHAR2" spirit:bitStringLength="8">&quot;00000000&quot;</spirit:value>
        <spirit:vendorExtensions>
          <xilinx:parameterInfo>
            <xilinx:enablement>
              <xilinx:isEnabled xilinx:id="MODELPARAM_ENABLEMENT.CUSTOM_CHAR2">false</xilinx:isEnabled>
            </xilinx:enablement>
          </xilinx:parameterInfo>
        </spirit:vendorExtensions>
      </spirit:modelParameter>
      <spirit:modelParameter spirit:dataType="STD_LOGIC_VECTOR(7 downto 0)">
        <spirit:name>CUSTOM_CHAR3</spirit:name>
        <spirit:displayName>Custom Char3</spirit:displayName>
        <spirit:value spirit:format="bitString" spirit:resolve="generated" spirit:id="MODELPARAM_VALUE.CUSTOM_CHAR3" spirit:bitStringLength="8">&quot;00000000&quot;</spirit:value>
        <spirit:vendorExtensions>
          <xilinx:parameterInfo>
            <xilinx:enablement>
              <xilinx:isEnabled xilinx:id="MODELPARAM_ENABLEMENT.CUSTOM_CHAR3">false</xilinx:isEnabled>
            </xilinx:enablement>
          </xilinx:parameterInfo>
        </spirit:vendorExtensions>
      </spirit:modelParameter>
      <spirit:modelParameter spirit:dataType="STD_LOGIC_VECTOR(7 downto 0)">
        <spirit:name>CUSTOM_CHAR4</spirit:name>
        <spirit:displayName>Custom Char4</spirit:displayName>
        <spirit:value spirit:format="bitString" spirit:resolve="generated" spirit:id="MODELPARAM_VALUE.CUSTOM_CHAR4" spirit:bitStringLength="8">&quot;00000000&quot;</spirit:value>
        <spirit:vendorExtensions>
          <xilinx:parameterInfo>
            <xilinx:enablement>
              <xilinx:isEnabled xilinx:id="MODELPARAM_ENABLEMENT.CUSTOM_CHAR4">false</xilinx:isEnabled>
            </xilinx:enablement>
          </xilinx:parameterInfo>
        </spirit:vendorExtensions>
      </spirit:modelParameter>
      <spirit:modelParameter spirit:dataType="STD_LOGIC_VECTOR(7 downto 0)">
        <spirit:name>CUSTOM_CHAR5</spirit:name>
        <spirit:displayName>Custom Char5</spirit:displayName>
        <spirit:value spirit:format="bitString" spirit:resolve="generated" spirit:id="MODELPARAM_VALUE.CUSTOM_CHAR5" spirit:bitStringLength="8">&quot;00000000&quot;</spirit:value>
        <spirit:vendorExtensions>
          <xilinx:parameterInfo>
            <xilinx:enablement>
              <xilinx:isEnabled xilinx:id="MODELPARAM_ENABLEMENT.CUSTOM_CHAR5">false</xilinx:isEnabled>
            </xilinx:enablement>
          </xilinx:parameterInfo>
        </spirit:vendorExtensions>
      </spirit:modelParameter>
    </spirit:modelParameters>
  </spirit:model>
  <spirit:choices>
    <spirit:choice>
      <spirit:name>choice_list_17c7a8e4</spirit:name>
      <spirit:enumeration>8</spirit:enumeration>
      <spirit:enumeration>7</spirit:enumeration>
      <spirit:enumeration>6</spirit:enumeration>
      <spirit:enumeration>5</spirit:enumeration>
      <spirit:enumeration>4</spirit:enumeration>
      <spirit:enumeration>3</spirit:enumeration>
      <spirit:enumeration>2</spirit:enumeration>
      <spirit:enumeration>1</spirit:enumeration>
    </spirit:choice>
    <spirit:choice>
      <spirit:name>choice_list_9d8b0d81</spirit:name>
      <spirit:enumeration>ACTIVE_HIGH</spirit:enumeration>
      <spirit:enumeration>ACTIVE_LOW</spirit:enumeration>
    </spirit:choice>
    <spirit:choice>
      <spirit:name>choice_list_f2da7e0e</spirit:name>
      <spirit:enumeration>INTEGER</spirit:enumeration>
      <spirit:enumeration>CHAR</spirit:enumeration>
    </spirit:choice>
  </spirit:choices>
  <spirit:fileSets>
    <spirit:fileSet>
      <spirit:name>xilinx_anylanguagesynthesis_view_fileset</spirit:name>
      <spirit:file>
        <spirit:name>SMG_DISPLAY.vhd</spirit:name>
        <spirit:fileType>vhdlSource</spirit:fileType>
        <spirit:userFileType>CHECKSUM_f2fbfb88</spirit:userFileType>
      </spirit:file>
    </spirit:fileSet>
    <spirit:fileSet>
      <spirit:name>xilinx_anylanguagebehavioralsimulation_view_fileset</spirit:name>
      <spirit:file>
        <spirit:name>SMG_DISPLAY.vhd</spirit:name>
        <spirit:fileType>vhdlSource</spirit:fileType>
      </spirit:file>
    </spirit:fileSet>
    <spirit:fileSet>
      <spirit:name>xilinx_xpgui_view_fileset</spirit:name>
      <spirit:file>
        <spirit:name>xgui/SMG_DISPLAY_v1_0.tcl</spirit:name>
        <spirit:fileType>tclSource</spirit:fileType>
        <spirit:userFileType>CHECKSUM_440e8f48</spirit:userFileType>
        <spirit:userFileType>XGUI_VERSION_2</spirit:userFileType>
      </spirit:file>
    </spirit:fileSet>
    <spirit:fileSet>
      <spirit:name>xilinx_utilityxitfiles_view_fileset</spirit:name>
      <spirit:file>
        <spirit:name>gui/SMG_DISPLAY_v1_0.gtcl</spirit:name>
        <spirit:userFileType>GTCL</spirit:userFileType>
      </spirit:file>
    </spirit:fileSet>
  </spirit:fileSets>
  <spirit:description>SMG_DISPLAY_v1_0</spirit:description>
  <spirit:parameters>
    <spirit:parameter>
      <spirit:name>REF_CLK_FREQUENCY</spirit:name>
      <spirit:displayName>Ref Clk Frequency</spirit:displayName>
      <spirit:value spirit:format="long" spirit:resolve="user" spirit:id="PARAM_VALUE.REF_CLK_FREQUENCY" spirit:minimum="1" spirit:maximum="1000" spirit:rangeType="long">200</spirit:value>
    </spirit:parameter>
    <spirit:parameter>
      <spirit:name>RST_ACTIVE</spirit:name>
      <spirit:displayName>Rst Active</spirit:displayName>
      <spirit:value spirit:resolve="user" spirit:id="PARAM_VALUE.RST_ACTIVE" spirit:choiceRef="choice_list_9d8b0d81">ACTIVE_HIGH</spirit:value>
    </spirit:parameter>
    <spirit:parameter>
      <spirit:name>DATA_TYPE</spirit:name>
      <spirit:displayName>Data Type</spirit:displayName>
      <spirit:value spirit:resolve="user" spirit:id="PARAM_VALUE.DATA_TYPE" spirit:choiceRef="choice_list_f2da7e0e">INTEGER</spirit:value>
    </spirit:parameter>
    <spirit:parameter>
      <spirit:name>ENABLE_CHAR_CUSTOM</spirit:name>
      <spirit:displayName>Enable Char Custom</spirit:displayName>
      <spirit:value spirit:format="bool" spirit:resolve="user" spirit:id="PARAM_VALUE.ENABLE_CHAR_CUSTOM">FALSE</spirit:value>
    </spirit:parameter>
    <spirit:parameter>
      <spirit:name>SMG_WX_ACTIVE</spirit:name>
      <spirit:displayName>Smg Wx Active</spirit:displayName>
      <spirit:value spirit:resolve="user" spirit:id="PARAM_VALUE.SMG_WX_ACTIVE" spirit:choiceRef="choice_list_9d8b0d81">ACTIVE_HIGH</spirit:value>
    </spirit:parameter>
    <spirit:parameter>
      <spirit:name>SMG_DX_ACTIVE</spirit:name>
      <spirit:displayName>Smg Dx Active</spirit:displayName>
      <spirit:value spirit:resolve="user" spirit:id="PARAM_VALUE.SMG_DX_ACTIVE" spirit:choiceRef="choice_list_9d8b0d81">ACTIVE_HIGH</spirit:value>
    </spirit:parameter>
    <spirit:parameter>
      <spirit:name>SMG_BIT</spirit:name>
      <spirit:displayName>Smg Bit</spirit:displayName>
      <spirit:value spirit:format="long" spirit:resolve="user" spirit:id="PARAM_VALUE.SMG_BIT" spirit:choiceRef="choice_list_17c7a8e4">8</spirit:value>
    </spirit:parameter>
    <spirit:parameter>
      <spirit:name>CUSTOM_CHAR1</spirit:name>
      <spirit:displayName>Custom Char1</spirit:displayName>
      <spirit:value spirit:format="bitString" spirit:resolve="user" spirit:id="PARAM_VALUE.CUSTOM_CHAR1" spirit:bitStringLength="8">&quot;00000000&quot;</spirit:value>
      <spirit:vendorExtensions>
        <xilinx:parameterInfo>
          <xilinx:enablement>
            <xilinx:isEnabled xilinx:resolve="generated" xilinx:id="PARAM_ENABLEMENT.CUSTOM_CHAR1">false</xilinx:isEnabled>
          </xilinx:enablement>
        </xilinx:parameterInfo>
      </spirit:vendorExtensions>
    </spirit:parameter>
    <spirit:parameter>
      <spirit:name>CUSTOM_CHAR2</spirit:name>
      <spirit:displayName>Custom Char2</spirit:displayName>
      <spirit:value spirit:format="bitString" spirit:resolve="user" spirit:id="PARAM_VALUE.CUSTOM_CHAR2" spirit:bitStringLength="8">&quot;00000000&quot;</spirit:value>
      <spirit:vendorExtensions>
        <xilinx:parameterInfo>
          <xilinx:enablement>
            <xilinx:isEnabled xilinx:resolve="generated" xilinx:id="PARAM_ENABLEMENT.CUSTOM_CHAR2">false</xilinx:isEnabled>
          </xilinx:enablement>
        </xilinx:parameterInfo>
      </spirit:vendorExtensions>
    </spirit:parameter>
    <spirit:parameter>
      <spirit:name>CUSTOM_CHAR3</spirit:name>
      <spirit:displayName>Custom Char3</spirit:displayName>
      <spirit:value spirit:format="bitString" spirit:resolve="user" spirit:id="PARAM_VALUE.CUSTOM_CHAR3" spirit:bitStringLength="8">&quot;00000000&quot;</spirit:value>
      <spirit:vendorExtensions>
        <xilinx:parameterInfo>
          <xilinx:enablement>
            <xilinx:isEnabled xilinx:resolve="generated" xilinx:id="PARAM_ENABLEMENT.CUSTOM_CHAR3">false</xilinx:isEnabled>
          </xilinx:enablement>
        </xilinx:parameterInfo>
      </spirit:vendorExtensions>
    </spirit:parameter>
    <spirit:parameter>
      <spirit:name>CUSTOM_CHAR4</spirit:name>
      <spirit:displayName>Custom Char4</spirit:displayName>
      <spirit:value spirit:format="bitString" spirit:resolve="user" spirit:id="PARAM_VALUE.CUSTOM_CHAR4" spirit:bitStringLength="8">&quot;00000000&quot;</spirit:value>
      <spirit:vendorExtensions>
        <xilinx:parameterInfo>
          <xilinx:enablement>
            <xilinx:isEnabled xilinx:resolve="generated" xilinx:id="PARAM_ENABLEMENT.CUSTOM_CHAR4">false</xilinx:isEnabled>
          </xilinx:enablement>
        </xilinx:parameterInfo>
      </spirit:vendorExtensions>
    </spirit:parameter>
    <spirit:parameter>
      <spirit:name>CUSTOM_CHAR5</spirit:name>
      <spirit:displayName>Custom Char5</spirit:displayName>
      <spirit:value spirit:format="bitString" spirit:resolve="user" spirit:id="PARAM_VALUE.CUSTOM_CHAR5" spirit:bitStringLength="8">&quot;00000000&quot;</spirit:value>
      <spirit:vendorExtensions>
        <xilinx:parameterInfo>
          <xilinx:enablement>
            <xilinx:isEnabled xilinx:resolve="generated" xilinx:id="PARAM_ENABLEMENT.CUSTOM_CHAR5">false</xilinx:isEnabled>
          </xilinx:enablement>
        </xilinx:parameterInfo>
      </spirit:vendorExtensions>
    </spirit:parameter>
    <spirit:parameter>
      <spirit:name>Component_Name</spirit:name>
      <spirit:value spirit:resolve="user" spirit:id="PARAM_VALUE.Component_Name" spirit:order="1">SMG_DISPLAY_v1_0</spirit:value>
    </spirit:parameter>
  </spirit:parameters>
  <spirit:vendorExtensions>
    <xilinx:coreExtensions>
      <xilinx:supportedFamilies>
        <xilinx:family xilinx:lifeCycle="Production">virtex7</xilinx:family>
        <xilinx:family xilinx:lifeCycle="Production">qvirtex7</xilinx:family>
        <xilinx:family xilinx:lifeCycle="Production">kintex7</xilinx:family>
        <xilinx:family xilinx:lifeCycle="Production">kintex7l</xilinx:family>
        <xilinx:family xilinx:lifeCycle="Production">qkintex7</xilinx:family>
        <xilinx:family xilinx:lifeCycle="Production">qkintex7l</xilinx:family>
        <xilinx:family xilinx:lifeCycle="Production">akintex7</xilinx:family>
        <xilinx:family xilinx:lifeCycle="Production">artix7</xilinx:family>
        <xilinx:family xilinx:lifeCycle="Production">artix7l</xilinx:family>
        <xilinx:family xilinx:lifeCycle="Production">aartix7</xilinx:family>
        <xilinx:family xilinx:lifeCycle="Production">qartix7</xilinx:family>
        <xilinx:family xilinx:lifeCycle="Production">zynq</xilinx:family>
        <xilinx:family xilinx:lifeCycle="Production">qzynq</xilinx:family>
        <xilinx:family xilinx:lifeCycle="Production">azynq</xilinx:family>
        <xilinx:family xilinx:lifeCycle="Production">spartan7</xilinx:family>
        <xilinx:family xilinx:lifeCycle="Production">aspartan7</xilinx:family>
        <xilinx:family xilinx:lifeCycle="Production">virtexu</xilinx:family>
        <xilinx:family xilinx:lifeCycle="Production">zynquplus</xilinx:family>
        <xilinx:family xilinx:lifeCycle="Production">virtexuplus</xilinx:family>
        <xilinx:family xilinx:lifeCycle="Production">virtexuplusHBM</xilinx:family>
        <xilinx:family xilinx:lifeCycle="Production">virtexuplus58g</xilinx:family>
        <xilinx:family xilinx:lifeCycle="Production">kintexuplus</xilinx:family>
        <xilinx:family xilinx:lifeCycle="Production">kintexu</xilinx:family>
      </xilinx:supportedFamilies>
      <xilinx:taxonomies>
        <xilinx:taxonomy>/UserIP</xilinx:taxonomy>
      </xilinx:taxonomies>
      <xilinx:displayName>SMG_DISPLAY_v1_0</xilinx:displayName>
      <xilinx:definitionSource>package_project</xilinx:definitionSource>
      <xilinx:coreRevision>7</xilinx:coreRevision>
      <xilinx:coreCreationDateTime>2023-02-08T01:27:21Z</xilinx:coreCreationDateTime>
      <xilinx:tags>
        <xilinx:tag xilinx:name="ui.data.coregen.dd@d9fa47a_ARCHIVE_LOCATION">e:/fpga_code/my_ip/smg_display/smg_display.srcs/sources_1/new</xilinx:tag>
        <xilinx:tag xilinx:name="ui.data.coregen.dd@5686001e_ARCHIVE_LOCATION">e:/fpga_code/my_ip/smg_display/smg_display.srcs/sources_1/new</xilinx:tag>
        <xilinx:tag xilinx:name="ui.data.coregen.dd@4da02448_ARCHIVE_LOCATION">e:/fpga_code/my_ip/smg_display/smg_display.srcs/sources_1/new</xilinx:tag>
        <xilinx:tag xilinx:name="ui.data.coregen.dd@95e105e_ARCHIVE_LOCATION">e:/fpga_code/my_ip/smg_display/smg_display.srcs/sources_1/new</xilinx:tag>
        <xilinx:tag xilinx:name="ui.data.coregen.dd@49332c8c_ARCHIVE_LOCATION">e:/fpga_code/my_ip/smg_display/smg_display.srcs/sources_1/new</xilinx:tag>
        <xilinx:tag xilinx:name="ui.data.coregen.dd@56a3e473_ARCHIVE_LOCATION">e:/fpga_code/my_ip/smg_display/smg_display.srcs/sources_1/new</xilinx:tag>
        <xilinx:tag xilinx:name="ui.data.coregen.dd@31193c5_ARCHIVE_LOCATION">e:/fpga_code/my_ip/smg_display/smg_display.srcs/sources_1/new</xilinx:tag>
        <xilinx:tag xilinx:name="ui.data.coregen.dd@43588d3a_ARCHIVE_LOCATION">e:/fpga_code/my_ip/smg_display/smg_display.srcs/sources_1/new</xilinx:tag>
        <xilinx:tag xilinx:name="ui.data.coregen.dd@4c2aeec3_ARCHIVE_LOCATION">e:/fpga_code/my_ip/smg_display/smg_display.srcs/sources_1/new</xilinx:tag>
        <xilinx:tag xilinx:name="ui.data.coregen.dd@77dd060f_ARCHIVE_LOCATION">e:/fpga_code/my_ip/smg_display/smg_display.srcs/sources_1/new</xilinx:tag>
        <xilinx:tag xilinx:name="ui.data.coregen.dd@4021428f_ARCHIVE_LOCATION">e:/fpga_code/my_ip/smg_display/smg_display.srcs/sources_1/new</xilinx:tag>
        <xilinx:tag xilinx:name="ui.data.coregen.dd@3ed78cce_ARCHIVE_LOCATION">e:/fpga_code/my_ip/smg_display/smg_display.srcs/sources_1/new</xilinx:tag>
        <xilinx:tag xilinx:name="ui.data.coregen.dd@3317be00_ARCHIVE_LOCATION">e:/fpga_code/my_ip/smg_display/smg_display.srcs/sources_1/new</xilinx:tag>
        <xilinx:tag xilinx:name="ui.data.coregen.dd@4be8f26e_ARCHIVE_LOCATION">e:/fpga_code/my_ip/smg_display/smg_display.srcs/sources_1/new</xilinx:tag>
        <xilinx:tag xilinx:name="ui.data.coregen.dd@76964a48_ARCHIVE_LOCATION">e:/fpga_code/my_ip/smg_display/smg_display.srcs/sources_1/new</xilinx:tag>
        <xilinx:tag xilinx:name="ui.data.coregen.dd@6b436366_ARCHIVE_LOCATION">e:/fpga_code/my_ip/smg_display/smg_display.srcs/sources_1/new</xilinx:tag>
        <xilinx:tag xilinx:name="ui.data.coregen.dd@2af8af00_ARCHIVE_LOCATION">e:/fpga_code/my_ip/smg_display/smg_display.srcs/sources_1/new</xilinx:tag>
        <xilinx:tag xilinx:name="ui.data.coregen.dd@5da73929_ARCHIVE_LOCATION">e:/fpga_code/my_ip/smg_display/smg_display.srcs/sources_1/new</xilinx:tag>
        <xilinx:tag xilinx:name="ui.data.coregen.dd@59df8750_ARCHIVE_LOCATION">e:/fpga_code/my_ip/smg_display/smg_display.srcs/sources_1/new</xilinx:tag>
        <xilinx:tag xilinx:name="ui.data.coregen.dd@6b3447ae_ARCHIVE_LOCATION">e:/fpga_code/my_ip/smg_display/smg_display.srcs/sources_1/new</xilinx:tag>
        <xilinx:tag xilinx:name="ui.data.coregen.dd@18b51737_ARCHIVE_LOCATION">e:/fpga_code/my_ip/smg_display/smg_display.srcs/sources_1/new</xilinx:tag>
        <xilinx:tag xilinx:name="ui.data.coregen.dd@5ce2f93e_ARCHIVE_LOCATION">e:/fpga_code/my_ip/smg_display/smg_display.srcs/sources_1/new</xilinx:tag>
        <xilinx:tag xilinx:name="ui.data.coregen.dd@7eba79c7_ARCHIVE_LOCATION">e:/fpga_code/my_ip/smg_display/smg_display.srcs/sources_1/new</xilinx:tag>
        <xilinx:tag xilinx:name="ui.data.coregen.dd@6882359b_ARCHIVE_LOCATION">e:/fpga_code/my_ip/smg_display/smg_display.srcs/sources_1/new</xilinx:tag>
        <xilinx:tag xilinx:name="ui.data.coregen.dd@4b20b2a0_ARCHIVE_LOCATION">e:/FPGA_CODE/My_IP/SMG_DISPLAY/SMG_DISPLAY.srcs/sources_1/new</xilinx:tag>
        <xilinx:tag xilinx:name="ui.data.coregen.dd@3eb9389_ARCHIVE_LOCATION">e:/FPGA_CODE/My_IP/SMG_DISPLAY/SMG_DISPLAY.srcs/sources_1/new</xilinx:tag>
        <xilinx:tag xilinx:name="ui.data.coregen.dd@5284f989_ARCHIVE_LOCATION">e:/FPGA_CODE/My_IP/SMG_DISPLAY/SMG_DISPLAY.srcs/sources_1/new</xilinx:tag>
        <xilinx:tag xilinx:name="ui.data.coregen.dd@6628dc89_ARCHIVE_LOCATION">e:/FPGA_CODE/My_IP/SMG_DISPLAY/SMG_DISPLAY.srcs/sources_1/new</xilinx:tag>
        <xilinx:tag xilinx:name="ui.data.coregen.dd@4539b7cd_ARCHIVE_LOCATION">e:/FPGA_CODE/My_IP/SMG_DISPLAY/SMG_DISPLAY.srcs/sources_1/new</xilinx:tag>
        <xilinx:tag xilinx:name="ui.data.coregen.dd@47870475_ARCHIVE_LOCATION">e:/FPGA_CODE/My_IP/SMG_DISPLAY/SMG_DISPLAY.srcs/sources_1/new</xilinx:tag>
        <xilinx:tag xilinx:name="ui.data.coregen.dd@2caad21b_ARCHIVE_LOCATION">e:/FPGA_CODE/My_IP/SMG_DISPLAY/SMG_DISPLAY.srcs/sources_1/new</xilinx:tag>
        <xilinx:tag xilinx:name="ui.data.coregen.dd@78cf976b_ARCHIVE_LOCATION">e:/FPGA_CODE/My_IP/SMG_DISPLAY/SMG_DISPLAY.srcs/sources_1/new</xilinx:tag>
        <xilinx:tag xilinx:name="ui.data.coregen.dd@7526be6f_ARCHIVE_LOCATION">e:/FPGA_CODE/My_IP/SMG_DISPLAY/SMG_DISPLAY.srcs/sources_1/new</xilinx:tag>
        <xilinx:tag xilinx:name="ui.data.coregen.dd@751ed004_ARCHIVE_LOCATION">e:/FPGA_CODE/My_IP/SMG_DISPLAY/SMG_DISPLAY.srcs/sources_1/new</xilinx:tag>
        <xilinx:tag xilinx:name="ui.data.coregen.dd@231c932_ARCHIVE_LOCATION">e:/FPGA_CODE/My_IP/SMG_DISPLAY/SMG_DISPLAY.srcs/sources_1/new</xilinx:tag>
        <xilinx:tag xilinx:name="ui.data.coregen.dd@74b382ee_ARCHIVE_LOCATION">e:/FPGA_CODE/My_IP/SMG_DISPLAY/SMG_DISPLAY.srcs/sources_1/new</xilinx:tag>
        <xilinx:tag xilinx:name="ui.data.coregen.dd@75b5aa6f_ARCHIVE_LOCATION">e:/FPGA_CODE/My_IP/SMG_DISPLAY/SMG_DISPLAY.srcs/sources_1/new</xilinx:tag>
        <xilinx:tag xilinx:name="ui.data.coregen.dd@6cc5fe3b_ARCHIVE_LOCATION">e:/FPGA_CODE/My_IP/SMG_DISPLAY/SMG_DISPLAY.srcs/sources_1/new</xilinx:tag>
        <xilinx:tag xilinx:name="ui.data.coregen.dd@6bc48133_ARCHIVE_LOCATION">e:/FPGA_CODE/My_IP/SMG_DISPLAY/SMG_DISPLAY.srcs/sources_1/new</xilinx:tag>
        <xilinx:tag xilinx:name="ui.data.coregen.dd@25b5d8a0_ARCHIVE_LOCATION">e:/FPGA_CODE/My_IP/SMG_DISPLAY/SMG_DISPLAY.srcs/sources_1/new</xilinx:tag>
        <xilinx:tag xilinx:name="ui.data.coregen.dd@23276051_ARCHIVE_LOCATION">e:/FPGA_CODE/My_IP/SMG_DISPLAY/SMG_DISPLAY.srcs/sources_1/new</xilinx:tag>
        <xilinx:tag xilinx:name="ui.data.coregen.dd@24079084_ARCHIVE_LOCATION">e:/FPGA_CODE/My_IP/SMG_DISPLAY/SMG_DISPLAY.srcs/sources_1/new</xilinx:tag>
        <xilinx:tag xilinx:name="ui.data.coregen.dd@4f31f778_ARCHIVE_LOCATION">e:/FPGA_CODE/My_IP/SMG_DISPLAY/SMG_DISPLAY.srcs/sources_1/new</xilinx:tag>
        <xilinx:tag xilinx:name="ui.data.coregen.dd@32eef991_ARCHIVE_LOCATION">e:/FPGA_CODE/My_IP/SMG_DISPLAY/SMG_DISPLAY.srcs/sources_1/new</xilinx:tag>
        <xilinx:tag xilinx:name="ui.data.coregen.dd@74ff59d9_ARCHIVE_LOCATION">e:/FPGA_CODE/My_IP/SMG_DISPLAY/SMG_DISPLAY.srcs/sources_1/new</xilinx:tag>
        <xilinx:tag xilinx:name="ui.data.coregen.dd@1878f9ca_ARCHIVE_LOCATION">e:/FPGA_CODE/My_IP/SMG_DISPLAY/SMG_DISPLAY.srcs/sources_1/new</xilinx:tag>
        <xilinx:tag xilinx:name="ui.data.coregen.dd@612c0b9b_ARCHIVE_LOCATION">d:/FPGA_CODE/My_IP/SMG_DISPLAY/SMG_DISPLAY.srcs/sources_1/new</xilinx:tag>
        <xilinx:tag xilinx:name="ui.data.coregen.dd@2164cb6_ARCHIVE_LOCATION">d:/FPGA_CODE/My_IP/SMG_DISPLAY/SMG_DISPLAY.srcs/sources_1/new</xilinx:tag>
        <xilinx:tag xilinx:name="ui.data.coregen.dd@71b353a3_ARCHIVE_LOCATION">d:/FPGA_CODE/My_IP/SMG_DISPLAY/SMG_DISPLAY.srcs/sources_1/new</xilinx:tag>
        <xilinx:tag xilinx:name="ui.data.coregen.dd@3e0b2ee8_ARCHIVE_LOCATION">d:/FPGA_CODE/My_IP/SMG_DISPLAY/SMG_DISPLAY.srcs/sources_1/new</xilinx:tag>
        <xilinx:tag xilinx:name="ui.data.coregen.dd@198f8932_ARCHIVE_LOCATION">d:/FPGA_CODE/My_IP/SMG_DISPLAY/SMG_DISPLAY.srcs/sources_1/new</xilinx:tag>
        <xilinx:tag xilinx:name="ui.data.coregen.dd@2e39c0bf_ARCHIVE_LOCATION">d:/FPGA_CODE/My_IP/SMG_DISPLAY/SMG_DISPLAY.srcs/sources_1/new</xilinx:tag>
        <xilinx:tag xilinx:name="ui.data.coregen.dd@b41b4a_ARCHIVE_LOCATION">d:/FPGA_CODE/My_IP/SMG_DISPLAY/SMG_DISPLAY.srcs/sources_1/new</xilinx:tag>
        <xilinx:tag xilinx:name="ui.data.coregen.dd@70932021_ARCHIVE_LOCATION">d:/FPGA_CODE/My_IP/SMG_DISPLAY/SMG_DISPLAY.srcs/sources_1/new</xilinx:tag>
        <xilinx:tag xilinx:name="ui.data.coregen.dd@4e7e05a9_ARCHIVE_LOCATION">d:/FPGA_CODE/My_IP/SMG_DISPLAY/SMG_DISPLAY.srcs/sources_1/new</xilinx:tag>
        <xilinx:tag xilinx:name="ui.data.coregen.dd@57c1714e_ARCHIVE_LOCATION">d:/FPGA_CODE/My_IP/SMG_DISPLAY/SMG_DISPLAY.srcs/sources_1/new</xilinx:tag>
        <xilinx:tag xilinx:name="ui.data.coregen.dd@7955392f_ARCHIVE_LOCATION">d:/FPGA_CODE/My_IP/SMG_DISPLAY/SMG_DISPLAY.srcs/sources_1/new</xilinx:tag>
      </xilinx:tags>
    </xilinx:coreExtensions>
    <xilinx:packagingInfo>
      <xilinx:xilinxVersion>2022.2</xilinx:xilinxVersion>
      <xilinx:checksum xilinx:scope="busInterfaces" xilinx:value="795d3ab6"/>
      <xilinx:checksum xilinx:scope="fileGroups" xilinx:value="7d0988be"/>
      <xilinx:checksum xilinx:scope="ports" xilinx:value="0f9f22c2"/>
      <xilinx:checksum xilinx:scope="hdlParameters" xilinx:value="4710d541"/>
      <xilinx:checksum xilinx:scope="parameters" xilinx:value="e6236946"/>
    </xilinx:packagingInfo>
  </spirit:vendorExtensions>
</spirit:component>
