<?xml version="1.0" encoding="UTF-8"?>
<spirit:component xmlns:xilinx="http://www.xilinx.com" xmlns:spirit="http://www.spiritconsortium.org/XMLSchema/SPIRIT/1685-2009" xmlns:xsi="http://www.w3.org/2001/XMLSchema-instance">
  <spirit:vendor>xilinx.com</spirit:vendor>
  <spirit:library>user</spirit:library>
  <spirit:name>KEY_UNSHAKE</spirit:name>
  <spirit:version>1.0</spirit:version>
  <spirit:busInterfaces>
    <spirit:busInterface>
      <spirit:name>UI_CLK</spirit:name>
      <spirit:busType spirit:vendor="xilinx.com" spirit:library="signal" spirit:name="clock" spirit:version="1.0"/>
      <spirit:abstractionType spirit:vendor="xilinx.com" spirit:library="signal" spirit:name="clock_rtl" spirit:version="1.0"/>
      <spirit:slave/>
      <spirit:portMaps>
        <spirit:portMap>
          <spirit:logicalPort>
            <spirit:name>CLK</spirit:name>
          </spirit:logicalPort>
          <spirit:physicalPort>
            <spirit:name>CLK</spirit:name>
          </spirit:physicalPort>
        </spirit:portMap>
      </spirit:portMaps>
    </spirit:busInterface>
  </spirit:busInterfaces>
  <spirit:model>
    <spirit:views>
      <spirit:view>
        <spirit:name>xilinx_anylanguagesynthesis</spirit:name>
        <spirit:displayName>Synthesis</spirit:displayName>
        <spirit:envIdentifier>:vivado.xilinx.com:synthesis</spirit:envIdentifier>
        <spirit:language>VHDL</spirit:language>
        <spirit:modelName>KEY_UNSHAKE</spirit:modelName>
        <spirit:fileSetRef>
          <spirit:localName>xilinx_anylanguagesynthesis_view_fileset</spirit:localName>
        </spirit:fileSetRef>
        <spirit:parameters>
          <spirit:parameter>
            <spirit:name>viewChecksum</spirit:name>
            <spirit:value>ad198a01</spirit:value>
          </spirit:parameter>
        </spirit:parameters>
      </spirit:view>
      <spirit:view>
        <spirit:name>xilinx_anylanguagebehavioralsimulation</spirit:name>
        <spirit:displayName>Simulation</spirit:displayName>
        <spirit:envIdentifier>:vivado.xilinx.com:simulation</spirit:envIdentifier>
        <spirit:language>VHDL</spirit:language>
        <spirit:modelName>KEY_UNSHAKE</spirit:modelName>
        <spirit:fileSetRef>
          <spirit:localName>xilinx_anylanguagebehavioralsimulation_view_fileset</spirit:localName>
        </spirit:fileSetRef>
        <spirit:parameters>
          <spirit:parameter>
            <spirit:name>viewChecksum</spirit:name>
            <spirit:value>ad198a01</spirit:value>
          </spirit:parameter>
        </spirit:parameters>
      </spirit:view>
      <spirit:view>
        <spirit:name>xilinx_xpgui</spirit:name>
        <spirit:displayName>UI Layout</spirit:displayName>
        <spirit:envIdentifier>:vivado.xilinx.com:xgui.ui</spirit:envIdentifier>
        <spirit:fileSetRef>
          <spirit:localName>xilinx_xpgui_view_fileset</spirit:localName>
        </spirit:fileSetRef>
        <spirit:parameters>
          <spirit:parameter>
            <spirit:name>viewChecksum</spirit:name>
            <spirit:value>326bc468</spirit:value>
          </spirit:parameter>
        </spirit:parameters>
      </spirit:view>
    </spirit:views>
    <spirit:ports>
      <spirit:port>
        <spirit:name>CLK</spirit:name>
        <spirit:wire>
          <spirit:direction>in</spirit:direction>
          <spirit:wireTypeDefs>
            <spirit:wireTypeDef>
              <spirit:typeName>STD_LOGIC</spirit:typeName>
              <spirit:viewNameRef>xilinx_anylanguagesynthesis</spirit:viewNameRef>
              <spirit:viewNameRef>xilinx_anylanguagebehavioralsimulation</spirit:viewNameRef>
            </spirit:wireTypeDef>
          </spirit:wireTypeDefs>
        </spirit:wire>
      </spirit:port>
      <spirit:port>
        <spirit:name>KEY_IN</spirit:name>
        <spirit:wire>
          <spirit:direction>in</spirit:direction>
          <spirit:wireTypeDefs>
            <spirit:wireTypeDef>
              <spirit:typeName>STD_LOGIC</spirit:typeName>
              <spirit:viewNameRef>xilinx_anylanguagesynthesis</spirit:viewNameRef>
              <spirit:viewNameRef>xilinx_anylanguagebehavioralsimulation</spirit:viewNameRef>
            </spirit:wireTypeDef>
          </spirit:wireTypeDefs>
          <spirit:driver>
            <spirit:defaultValue spirit:format="long">0</spirit:defaultValue>
          </spirit:driver>
        </spirit:wire>
      </spirit:port>
      <spirit:port>
        <spirit:name>KEY_OUT</spirit:name>
        <spirit:wire>
          <spirit:direction>out</spirit:direction>
          <spirit:wireTypeDefs>
            <spirit:wireTypeDef>
              <spirit:typeName>STD_LOGIC</spirit:typeName>
              <spirit:viewNameRef>xilinx_anylanguagesynthesis</spirit:viewNameRef>
              <spirit:viewNameRef>xilinx_anylanguagebehavioralsimulation</spirit:viewNameRef>
            </spirit:wireTypeDef>
          </spirit:wireTypeDefs>
        </spirit:wire>
      </spirit:port>
    </spirit:ports>
    <spirit:modelParameters>
      <spirit:modelParameter xsi:type="spirit:nameValueTypeType" spirit:dataType="INTEGER">
        <spirit:name>DIV</spirit:name>
        <spirit:displayName>Div</spirit:displayName>
        <spirit:value spirit:format="long" spirit:resolve="generated" spirit:id="MODELPARAM_VALUE.DIV">5000000</spirit:value>
      </spirit:modelParameter>
      <spirit:modelParameter spirit:dataType="STD_LOGIC">
        <spirit:name>KEY_NORMALPOLARITY</spirit:name>
        <spirit:displayName>Key Normalpolarity</spirit:displayName>
        <spirit:value spirit:format="bitString" spirit:resolve="generated" spirit:id="MODELPARAM_VALUE.KEY_NORMALPOLARITY" spirit:bitStringLength="1">&quot;1&quot;</spirit:value>
      </spirit:modelParameter>
    </spirit:modelParameters>
  </spirit:model>
  <spirit:choices>
    <spirit:choice>
      <spirit:name>choice_list_fe4aa5fd</spirit:name>
      <spirit:enumeration>&quot;1&quot;</spirit:enumeration>
      <spirit:enumeration>&quot;0&quot;</spirit:enumeration>
    </spirit:choice>
  </spirit:choices>
  <spirit:fileSets>
    <spirit:fileSet>
      <spirit:name>xilinx_anylanguagesynthesis_view_fileset</spirit:name>
      <spirit:file>
        <spirit:name>KEY_UNSHAKE.vhd</spirit:name>
        <spirit:fileType>vhdlSource</spirit:fileType>
        <spirit:userFileType>CHECKSUM_ad198a01</spirit:userFileType>
      </spirit:file>
    </spirit:fileSet>
    <spirit:fileSet>
      <spirit:name>xilinx_anylanguagebehavioralsimulation_view_fileset</spirit:name>
      <spirit:file>
        <spirit:name>KEY_UNSHAKE.vhd</spirit:name>
        <spirit:fileType>vhdlSource</spirit:fileType>
      </spirit:file>
    </spirit:fileSet>
    <spirit:fileSet>
      <spirit:name>xilinx_xpgui_view_fileset</spirit:name>
      <spirit:file>
        <spirit:name>xgui/KEY_UNSHAKE_v1_0.tcl</spirit:name>
        <spirit:fileType>tclSource</spirit:fileType>
        <spirit:userFileType>CHECKSUM_326bc468</spirit:userFileType>
        <spirit:userFileType>XGUI_VERSION_2</spirit:userFileType>
      </spirit:file>
    </spirit:fileSet>
  </spirit:fileSets>
  <spirit:description>KEY_UNSHAKE_v1_0</spirit:description>
  <spirit:parameters>
    <spirit:parameter>
      <spirit:name>DIV</spirit:name>
      <spirit:displayName>Div</spirit:displayName>
      <spirit:value spirit:format="long" spirit:resolve="user" spirit:id="PARAM_VALUE.DIV" spirit:minimum="0" spirit:maximum="100000000" spirit:rangeType="long">5000000</spirit:value>
    </spirit:parameter>
    <spirit:parameter>
      <spirit:name>KEY_NORMALPOLARITY</spirit:name>
      <spirit:displayName>Key Normalpolarity</spirit:displayName>
      <spirit:value spirit:format="bitString" spirit:resolve="user" spirit:id="PARAM_VALUE.KEY_NORMALPOLARITY" spirit:choiceRef="choice_list_fe4aa5fd" spirit:bitStringLength="1">&quot;1&quot;</spirit:value>
    </spirit:parameter>
    <spirit:parameter>
      <spirit:name>Component_Name</spirit:name>
      <spirit:value spirit:resolve="user" spirit:id="PARAM_VALUE.Component_Name" spirit:order="1">KEY_UNSHAKE_v1_0</spirit:value>
    </spirit:parameter>
  </spirit:parameters>
  <spirit:vendorExtensions>
    <xilinx:coreExtensions>
      <xilinx:supportedFamilies>
        <xilinx:family xilinx:lifeCycle="Production">virtex7</xilinx:family>
        <xilinx:family xilinx:lifeCycle="Production">qvirtex7</xilinx:family>
        <xilinx:family xilinx:lifeCycle="Production">versal</xilinx:family>
        <xilinx:family xilinx:lifeCycle="Production">kintex7</xilinx:family>
        <xilinx:family xilinx:lifeCycle="Production">kintex7l</xilinx:family>
        <xilinx:family xilinx:lifeCycle="Production">qkintex7</xilinx:family>
        <xilinx:family xilinx:lifeCycle="Production">qkintex7l</xilinx:family>
        <xilinx:family xilinx:lifeCycle="Production">akintex7</xilinx:family>
        <xilinx:family xilinx:lifeCycle="Production">artix7</xilinx:family>
        <xilinx:family xilinx:lifeCycle="Production">artix7l</xilinx:family>
        <xilinx:family xilinx:lifeCycle="Production">aartix7</xilinx:family>
        <xilinx:family xilinx:lifeCycle="Production">qartix7</xilinx:family>
        <xilinx:family xilinx:lifeCycle="Production">zynq</xilinx:family>
        <xilinx:family xilinx:lifeCycle="Production">qzynq</xilinx:family>
        <xilinx:family xilinx:lifeCycle="Production">azynq</xilinx:family>
        <xilinx:family xilinx:lifeCycle="Production">spartan7</xilinx:family>
        <xilinx:family xilinx:lifeCycle="Production">aspartan7</xilinx:family>
        <xilinx:family xilinx:lifeCycle="Production">virtexu</xilinx:family>
        <xilinx:family xilinx:lifeCycle="Production">zynquplus</xilinx:family>
        <xilinx:family xilinx:lifeCycle="Production">virtexuplus</xilinx:family>
        <xilinx:family xilinx:lifeCycle="Production">virtexuplusHBM</xilinx:family>
        <xilinx:family xilinx:lifeCycle="Production">virtexuplus58g</xilinx:family>
        <xilinx:family xilinx:lifeCycle="Production">kintexuplus</xilinx:family>
        <xilinx:family xilinx:lifeCycle="Production">kintexu</xilinx:family>
      </xilinx:supportedFamilies>
      <xilinx:taxonomies>
        <xilinx:taxonomy>/UserIP</xilinx:taxonomy>
      </xilinx:taxonomies>
      <xilinx:displayName>KEY_UNSHAKE_v1_0</xilinx:displayName>
      <xilinx:definitionSource>package_project</xilinx:definitionSource>
      <xilinx:coreRevision>5</xilinx:coreRevision>
      <xilinx:coreCreationDateTime>2022-10-20T03:20:19Z</xilinx:coreCreationDateTime>
      <xilinx:tags>
        <xilinx:tag xilinx:name="ui.data.coregen.dd@dfb213a_ARCHIVE_LOCATION">d:/fpga_code/std_ip/key_unshake/key_unshake.srcs/sources_1/new</xilinx:tag>
        <xilinx:tag xilinx:name="ui.data.coregen.dd@35ea4a1d_ARCHIVE_LOCATION">d:/fpga_code/std_ip/key_unshake/key_unshake.srcs/sources_1/new</xilinx:tag>
        <xilinx:tag xilinx:name="ui.data.coregen.dd@4071b1e1_ARCHIVE_LOCATION">d:/fpga_code/std_ip/key_unshake/key_unshake.srcs/sources_1/new</xilinx:tag>
        <xilinx:tag xilinx:name="ui.data.coregen.dd@309c3af1_ARCHIVE_LOCATION">d:/fpga_code/std_ip/key_unshake/key_unshake.srcs/sources_1/new</xilinx:tag>
        <xilinx:tag xilinx:name="ui.data.coregen.dd@dbf75b7_ARCHIVE_LOCATION">d:/fpga_code/std_ip/key_unshake/key_unshake.srcs/sources_1/new</xilinx:tag>
        <xilinx:tag xilinx:name="ui.data.coregen.dd@5130d49c_ARCHIVE_LOCATION">d:/fpga_code/std_ip/key_unshake/key_unshake.srcs/sources_1/new</xilinx:tag>
        <xilinx:tag xilinx:name="ui.data.coregen.dd@9babafe_ARCHIVE_LOCATION">d:/fpga_code/std_ip/key_unshake/key_unshake.srcs/sources_1/new</xilinx:tag>
        <xilinx:tag xilinx:name="ui.data.coregen.dd@31eb1f36_ARCHIVE_LOCATION">d:/fpga_code/std_ip/key_unshake/key_unshake.srcs/sources_1/new</xilinx:tag>
        <xilinx:tag xilinx:name="ui.data.coregen.dd@72533bb5_ARCHIVE_LOCATION">d:/fpga_code/std_ip/key_unshake/key_unshake.srcs/sources_1/new</xilinx:tag>
        <xilinx:tag xilinx:name="ui.data.coregen.dd@47f6f3d8_ARCHIVE_LOCATION">d:/fpga_code/std_ip/key_unshake/key_unshake.srcs/sources_1/new</xilinx:tag>
        <xilinx:tag xilinx:name="ui.data.coregen.dd@1e0b15fe_ARCHIVE_LOCATION">d:/fpga_code/std_ip/key_unshake/key_unshake.srcs/sources_1/new</xilinx:tag>
        <xilinx:tag xilinx:name="ui.data.coregen.dd@104f9987_ARCHIVE_LOCATION">d:/fpga_code/std_ip/key_unshake/key_unshake.srcs/sources_1/new</xilinx:tag>
        <xilinx:tag xilinx:name="ui.data.coregen.dd@552b251e_ARCHIVE_LOCATION">d:/fpga_code/std_ip/key_unshake/key_unshake.srcs/sources_1/new</xilinx:tag>
        <xilinx:tag xilinx:name="ui.data.coregen.dd@38839bc9_ARCHIVE_LOCATION">d:/fpga_code/std_ip/key_unshake/key_unshake.srcs/sources_1/new</xilinx:tag>
        <xilinx:tag xilinx:name="ui.data.coregen.dd@6c8b67af_ARCHIVE_LOCATION">d:/fpga_code/std_ip/key_unshake/key_unshake.srcs/sources_1/new</xilinx:tag>
        <xilinx:tag xilinx:name="ui.data.coregen.dd@3d74745e_ARCHIVE_LOCATION">d:/fpga_code/std_ip/key_unshake/key_unshake.srcs/sources_1/new</xilinx:tag>
        <xilinx:tag xilinx:name="ui.data.coregen.dd@70a5e1ed_ARCHIVE_LOCATION">d:/FPGA_CODE/My_IP/KEY_UNSHAKE/KEY_UNSHAKE.srcs/sources_1/new</xilinx:tag>
        <xilinx:tag xilinx:name="ui.data.coregen.dd@6dbe31e2_ARCHIVE_LOCATION">d:/FPGA_CODE/My_IP/KEY_UNSHAKE/KEY_UNSHAKE.srcs/sources_1/new</xilinx:tag>
        <xilinx:tag xilinx:name="ui.data.coregen.dd@6f1416eb_ARCHIVE_LOCATION">d:/FPGA_CODE/My_IP/KEY_UNSHAKE/KEY_UNSHAKE.srcs/sources_1/new</xilinx:tag>
        <xilinx:tag xilinx:name="ui.data.coregen.dd@7f8f316b_ARCHIVE_LOCATION">d:/FPGA_CODE/My_IP/KEY_UNSHAKE/KEY_UNSHAKE.srcs/sources_1/new</xilinx:tag>
        <xilinx:tag xilinx:name="ui.data.coregen.dd@65ea18bc_ARCHIVE_LOCATION">d:/FPGA_CODE/My_IP/KEY_UNSHAKE/KEY_UNSHAKE.srcs/sources_1/new</xilinx:tag>
        <xilinx:tag xilinx:name="ui.data.coregen.dd@452e23bc_ARCHIVE_LOCATION">d:/FPGA_CODE/My_IP/KEY_UNSHAKE/KEY_UNSHAKE.srcs/sources_1/new</xilinx:tag>
        <xilinx:tag xilinx:name="ui.data.coregen.dd@1e48176d_ARCHIVE_LOCATION">d:/FPGA_CODE/My_IP/KEY_UNSHAKE/KEY_UNSHAKE.srcs/sources_1/new</xilinx:tag>
        <xilinx:tag xilinx:name="ui.data.coregen.dd@38f9837e_ARCHIVE_LOCATION">d:/FPGA_CODE/My_IP/KEY_UNSHAKE/KEY_UNSHAKE.srcs/sources_1/new</xilinx:tag>
        <xilinx:tag xilinx:name="ui.data.coregen.dd@f95a094_ARCHIVE_LOCATION">d:/FPGA_CODE/My_IP/KEY_UNSHAKE/KEY_UNSHAKE.srcs/sources_1/new</xilinx:tag>
        <xilinx:tag xilinx:name="ui.data.coregen.dd@2b0adea3_ARCHIVE_LOCATION">d:/FPGA_CODE/My_IP/KEY_UNSHAKE/KEY_UNSHAKE.srcs/sources_1/new</xilinx:tag>
        <xilinx:tag xilinx:name="ui.data.coregen.dd@3dd2cc66_ARCHIVE_LOCATION">d:/FPGA_CODE/My_IP/KEY_UNSHAKE/KEY_UNSHAKE.srcs/sources_1/new</xilinx:tag>
        <xilinx:tag xilinx:name="ui.data.coregen.dd@4b42db12_ARCHIVE_LOCATION">d:/FPGA_CODE/My_IP/KEY_UNSHAKE/KEY_UNSHAKE.srcs/sources_1/new</xilinx:tag>
        <xilinx:tag xilinx:name="ui.data.coregen.dd@7e08d75f_ARCHIVE_LOCATION">d:/FPGA_CODE/My_IP/KEY_UNSHAKE/KEY_UNSHAKE.srcs/sources_1/new</xilinx:tag>
        <xilinx:tag xilinx:name="ui.data.coregen.dd@407b9238_ARCHIVE_LOCATION">d:/FPGA_CODE/My_IP/KEY_UNSHAKE/KEY_UNSHAKE.srcs/sources_1/new</xilinx:tag>
        <xilinx:tag xilinx:name="ui.data.coregen.dd@7b288800_ARCHIVE_LOCATION">d:/FPGA_CODE/My_IP/KEY_UNSHAKE/KEY_UNSHAKE.srcs/sources_1/new</xilinx:tag>
        <xilinx:tag xilinx:name="ui.data.coregen.dd@3ca6383b_ARCHIVE_LOCATION">d:/FPGA_CODE/My_IP/KEY_UNSHAKE/KEY_UNSHAKE.srcs/sources_1/new</xilinx:tag>
        <xilinx:tag xilinx:name="ui.data.coregen.dd@d8c356_ARCHIVE_LOCATION">d:/FPGA_CODE/My_IP/KEY_UNSHAKE/KEY_UNSHAKE.srcs/sources_1/new</xilinx:tag>
        <xilinx:tag xilinx:name="ui.data.coregen.dd@399a3aab_ARCHIVE_LOCATION">d:/FPGA_CODE/My_IP/KEY_UNSHAKE/KEY_UNSHAKE.srcs/sources_1/new</xilinx:tag>
        <xilinx:tag xilinx:name="ui.data.coregen.dd@3df26d0a_ARCHIVE_LOCATION">d:/FPGA_CODE/My_IP/KEY_UNSHAKE/KEY_UNSHAKE.srcs/sources_1/new</xilinx:tag>
        <xilinx:tag xilinx:name="ui.data.coregen.dd@501e4965_ARCHIVE_LOCATION">d:/FPGA_CODE/My_IP/KEY_UNSHAKE/KEY_UNSHAKE.srcs/sources_1/new</xilinx:tag>
        <xilinx:tag xilinx:name="ui.data.coregen.dd@36033779_ARCHIVE_LOCATION">d:/FPGA_CODE/My_IP/KEY_UNSHAKE/KEY_UNSHAKE.srcs/sources_1/new</xilinx:tag>
        <xilinx:tag xilinx:name="ui.data.coregen.dd@54bf7a4d_ARCHIVE_LOCATION">d:/FPGA_CODE/My_IP/KEY_UNSHAKE/KEY_UNSHAKE.srcs/sources_1/new</xilinx:tag>
        <xilinx:tag xilinx:name="ui.data.coregen.dd@8fd5976_ARCHIVE_LOCATION">d:/FPGA_CODE/My_IP/KEY_UNSHAKE/KEY_UNSHAKE.srcs/sources_1/new</xilinx:tag>
        <xilinx:tag xilinx:name="ui.data.coregen.dd@2b0e6f2e_ARCHIVE_LOCATION">d:/FPGA_CODE/My_IP/KEY_UNSHAKE/KEY_UNSHAKE.srcs/sources_1/new</xilinx:tag>
        <xilinx:tag xilinx:name="ui.data.coregen.dd@611571b6_ARCHIVE_LOCATION">d:/FPGA_CODE/My_IP/KEY_UNSHAKE/KEY_UNSHAKE.srcs/sources_1/new</xilinx:tag>
        <xilinx:tag xilinx:name="ui.data.coregen.dd@3d3dc864_ARCHIVE_LOCATION">d:/FPGA_CODE/My_IP/KEY_UNSHAKE/KEY_UNSHAKE.srcs/sources_1/new</xilinx:tag>
      </xilinx:tags>
    </xilinx:coreExtensions>
    <xilinx:packagingInfo>
      <xilinx:xilinxVersion>2020.2</xilinx:xilinxVersion>
      <xilinx:checksum xilinx:scope="busInterfaces" xilinx:value="fc967a36"/>
      <xilinx:checksum xilinx:scope="fileGroups" xilinx:value="50a88a9d"/>
      <xilinx:checksum xilinx:scope="ports" xilinx:value="8c0210cf"/>
      <xilinx:checksum xilinx:scope="hdlParameters" xilinx:value="ae4c2bf8"/>
      <xilinx:checksum xilinx:scope="parameters" xilinx:value="a6b838b6"/>
    </xilinx:packagingInfo>
  </spirit:vendorExtensions>
</spirit:component>
