<?xml version="1.0" encoding="UTF-8"?>
<spirit:component xmlns:xilinx="http://www.xilinx.com" xmlns:spirit="http://www.spiritconsortium.org/XMLSchema/SPIRIT/1685-2009" xmlns:xsi="http://www.w3.org/2001/XMLSchema-instance">
  <spirit:vendor>xilinx.com</spirit:vendor>
  <spirit:library>customized_ip</spirit:library>
  <spirit:name>TOP_FREQUENCY_METER_PULSE_0_0</spirit:name>
  <spirit:version>1.0</spirit:version>
  <spirit:busInterfaces>
    <spirit:busInterface>
      <spirit:name>RST</spirit:name>
      <spirit:busType spirit:vendor="xilinx.com" spirit:library="signal" spirit:name="reset" spirit:version="1.0"/>
      <spirit:abstractionType spirit:vendor="xilinx.com" spirit:library="signal" spirit:name="reset_rtl" spirit:version="1.0"/>
      <spirit:slave/>
      <spirit:portMaps>
        <spirit:portMap>
          <spirit:logicalPort>
            <spirit:name>RST</spirit:name>
          </spirit:logicalPort>
          <spirit:physicalPort>
            <spirit:name>RST</spirit:name>
          </spirit:physicalPort>
        </spirit:portMap>
      </spirit:portMaps>
      <spirit:parameters>
        <spirit:parameter>
          <spirit:name>POLARITY</spirit:name>
          <spirit:value spirit:resolve="generated" spirit:id="BUSIFPARAM_VALUE.RST.POLARITY">ACTIVE_LOW</spirit:value>
          <spirit:vendorExtensions>
            <xilinx:parameterInfo>
              <xilinx:parameterUsage>none</xilinx:parameterUsage>
            </xilinx:parameterInfo>
          </spirit:vendorExtensions>
        </spirit:parameter>
        <spirit:parameter>
          <spirit:name>INSERT_VIP</spirit:name>
          <spirit:value spirit:format="long" spirit:resolve="user" spirit:id="BUSIFPARAM_VALUE.RST.INSERT_VIP">0</spirit:value>
          <spirit:vendorExtensions>
            <xilinx:parameterInfo>
              <xilinx:parameterUsage>simulation.rtl</xilinx:parameterUsage>
            </xilinx:parameterInfo>
          </spirit:vendorExtensions>
        </spirit:parameter>
      </spirit:parameters>
    </spirit:busInterface>
    <spirit:busInterface>
      <spirit:name>CLK</spirit:name>
      <spirit:busType spirit:vendor="xilinx.com" spirit:library="signal" spirit:name="clock" spirit:version="1.0"/>
      <spirit:abstractionType spirit:vendor="xilinx.com" spirit:library="signal" spirit:name="clock_rtl" spirit:version="1.0"/>
      <spirit:slave/>
      <spirit:portMaps>
        <spirit:portMap>
          <spirit:logicalPort>
            <spirit:name>CLK</spirit:name>
          </spirit:logicalPort>
          <spirit:physicalPort>
            <spirit:name>CLK</spirit:name>
          </spirit:physicalPort>
        </spirit:portMap>
      </spirit:portMaps>
      <spirit:parameters>
        <spirit:parameter>
          <spirit:name>ASSOCIATED_RESET</spirit:name>
          <spirit:value spirit:id="BUSIFPARAM_VALUE.CLK.ASSOCIATED_RESET">RST</spirit:value>
        </spirit:parameter>
        <spirit:parameter>
          <spirit:name>FREQ_HZ</spirit:name>
          <spirit:value spirit:format="long" spirit:resolve="generated" spirit:id="BUSIFPARAM_VALUE.CLK.FREQ_HZ">50000000</spirit:value>
          <spirit:vendorExtensions>
            <xilinx:parameterInfo>
              <xilinx:parameterUsage>none</xilinx:parameterUsage>
            </xilinx:parameterInfo>
          </spirit:vendorExtensions>
        </spirit:parameter>
        <spirit:parameter>
          <spirit:name>FREQ_TOLERANCE_HZ</spirit:name>
          <spirit:value spirit:format="long" spirit:resolve="generated" spirit:id="BUSIFPARAM_VALUE.CLK.FREQ_TOLERANCE_HZ">0</spirit:value>
          <spirit:vendorExtensions>
            <xilinx:parameterInfo>
              <xilinx:parameterUsage>none</xilinx:parameterUsage>
            </xilinx:parameterInfo>
          </spirit:vendorExtensions>
        </spirit:parameter>
        <spirit:parameter>
          <spirit:name>PHASE</spirit:name>
          <spirit:value spirit:format="float" spirit:resolve="generated" spirit:id="BUSIFPARAM_VALUE.CLK.PHASE">0.0</spirit:value>
          <spirit:vendorExtensions>
            <xilinx:parameterInfo>
              <xilinx:parameterUsage>none</xilinx:parameterUsage>
            </xilinx:parameterInfo>
          </spirit:vendorExtensions>
        </spirit:parameter>
        <spirit:parameter>
          <spirit:name>CLK_DOMAIN</spirit:name>
          <spirit:value spirit:resolve="generated" spirit:id="BUSIFPARAM_VALUE.CLK.CLK_DOMAIN">TOP_CLK</spirit:value>
          <spirit:vendorExtensions>
            <xilinx:parameterInfo>
              <xilinx:parameterUsage>none</xilinx:parameterUsage>
            </xilinx:parameterInfo>
          </spirit:vendorExtensions>
        </spirit:parameter>
        <spirit:parameter>
          <spirit:name>ASSOCIATED_BUSIF</spirit:name>
          <spirit:value spirit:resolve="generated" spirit:id="BUSIFPARAM_VALUE.CLK.ASSOCIATED_BUSIF"/>
          <spirit:vendorExtensions>
            <xilinx:parameterInfo>
              <xilinx:parameterUsage>none</xilinx:parameterUsage>
            </xilinx:parameterInfo>
          </spirit:vendorExtensions>
        </spirit:parameter>
        <spirit:parameter>
          <spirit:name>ASSOCIATED_PORT</spirit:name>
          <spirit:value spirit:resolve="generated" spirit:id="BUSIFPARAM_VALUE.CLK.ASSOCIATED_PORT"/>
          <spirit:vendorExtensions>
            <xilinx:parameterInfo>
              <xilinx:parameterUsage>none</xilinx:parameterUsage>
            </xilinx:parameterInfo>
          </spirit:vendorExtensions>
        </spirit:parameter>
        <spirit:parameter>
          <spirit:name>INSERT_VIP</spirit:name>
          <spirit:value spirit:format="long" spirit:resolve="user" spirit:id="BUSIFPARAM_VALUE.CLK.INSERT_VIP">0</spirit:value>
          <spirit:vendorExtensions>
            <xilinx:parameterInfo>
              <xilinx:parameterUsage>simulation.rtl</xilinx:parameterUsage>
            </xilinx:parameterInfo>
          </spirit:vendorExtensions>
        </spirit:parameter>
      </spirit:parameters>
    </spirit:busInterface>
  </spirit:busInterfaces>
  <spirit:model>
    <spirit:views>
      <spirit:view>
        <spirit:name>xilinx_anylanguagesynthesis</spirit:name>
        <spirit:displayName>Synthesis</spirit:displayName>
        <spirit:envIdentifier>:vivado.xilinx.com:synthesis</spirit:envIdentifier>
        <spirit:modelName>FREQUENCY_METER_PULSE</spirit:modelName>
        <spirit:fileSetRef>
          <spirit:localName>xilinx_anylanguagesynthesis_view_fileset</spirit:localName>
        </spirit:fileSetRef>
        <spirit:parameters>
          <spirit:parameter>
            <spirit:name>GENtimestamp</spirit:name>
            <spirit:value>Wed Mar 15 13:33:38 UTC 2023</spirit:value>
          </spirit:parameter>
          <spirit:parameter>
            <spirit:name>outputProductCRC</spirit:name>
            <spirit:value>9:d7a6de1f</spirit:value>
          </spirit:parameter>
        </spirit:parameters>
      </spirit:view>
      <spirit:view>
        <spirit:name>xilinx_synthesisconstraints</spirit:name>
        <spirit:displayName>Synthesis Constraints</spirit:displayName>
        <spirit:envIdentifier>:vivado.xilinx.com:synthesis.constraints</spirit:envIdentifier>
        <spirit:parameters>
          <spirit:parameter>
            <spirit:name>outputProductCRC</spirit:name>
            <spirit:value>9:d7a6de1f</spirit:value>
          </spirit:parameter>
        </spirit:parameters>
      </spirit:view>
      <spirit:view>
        <spirit:name>xilinx_vhdlsynthesiswrapper</spirit:name>
        <spirit:displayName>VHDL Synthesis Wrapper</spirit:displayName>
        <spirit:envIdentifier>vhdlSource:vivado.xilinx.com:synthesis.wrapper</spirit:envIdentifier>
        <spirit:language>vhdl</spirit:language>
        <spirit:modelName>TOP_FREQUENCY_METER_PULSE_0_0</spirit:modelName>
        <spirit:fileSetRef>
          <spirit:localName>xilinx_vhdlsynthesiswrapper_view_fileset</spirit:localName>
        </spirit:fileSetRef>
        <spirit:parameters>
          <spirit:parameter>
            <spirit:name>GENtimestamp</spirit:name>
            <spirit:value>Wed Mar 15 13:33:38 UTC 2023</spirit:value>
          </spirit:parameter>
          <spirit:parameter>
            <spirit:name>outputProductCRC</spirit:name>
            <spirit:value>9:d7a6de1f</spirit:value>
          </spirit:parameter>
        </spirit:parameters>
      </spirit:view>
      <spirit:view>
        <spirit:name>xilinx_anylanguagebehavioralsimulation</spirit:name>
        <spirit:displayName>Simulation</spirit:displayName>
        <spirit:envIdentifier>:vivado.xilinx.com:simulation</spirit:envIdentifier>
        <spirit:modelName>FREQUENCY_METER_PULSE</spirit:modelName>
        <spirit:fileSetRef>
          <spirit:localName>xilinx_anylanguagebehavioralsimulation_view_fileset</spirit:localName>
        </spirit:fileSetRef>
        <spirit:parameters>
          <spirit:parameter>
            <spirit:name>GENtimestamp</spirit:name>
            <spirit:value>Wed Mar 15 13:33:38 UTC 2023</spirit:value>
          </spirit:parameter>
          <spirit:parameter>
            <spirit:name>outputProductCRC</spirit:name>
            <spirit:value>9:8abeb4cd</spirit:value>
          </spirit:parameter>
        </spirit:parameters>
      </spirit:view>
      <spirit:view>
        <spirit:name>xilinx_vhdlsimulationwrapper</spirit:name>
        <spirit:displayName>VHDL Simulation Wrapper</spirit:displayName>
        <spirit:envIdentifier>vhdlSource:vivado.xilinx.com:simulation.wrapper</spirit:envIdentifier>
        <spirit:language>vhdl</spirit:language>
        <spirit:modelName>TOP_FREQUENCY_METER_PULSE_0_0</spirit:modelName>
        <spirit:fileSetRef>
          <spirit:localName>xilinx_vhdlsimulationwrapper_view_fileset</spirit:localName>
        </spirit:fileSetRef>
        <spirit:parameters>
          <spirit:parameter>
            <spirit:name>GENtimestamp</spirit:name>
            <spirit:value>Wed Mar 15 13:33:38 UTC 2023</spirit:value>
          </spirit:parameter>
          <spirit:parameter>
            <spirit:name>outputProductCRC</spirit:name>
            <spirit:value>9:8abeb4cd</spirit:value>
          </spirit:parameter>
        </spirit:parameters>
      </spirit:view>
      <spirit:view>
        <spirit:name>xilinx_externalfiles</spirit:name>
        <spirit:displayName>External Files</spirit:displayName>
        <spirit:envIdentifier>:vivado.xilinx.com:external.files</spirit:envIdentifier>
        <spirit:fileSetRef>
          <spirit:localName>xilinx_externalfiles_view_fileset</spirit:localName>
        </spirit:fileSetRef>
        <spirit:parameters>
          <spirit:parameter>
            <spirit:name>GENtimestamp</spirit:name>
            <spirit:value>Wed Mar 15 13:33:40 UTC 2023</spirit:value>
          </spirit:parameter>
          <spirit:parameter>
            <spirit:name>outputProductCRC</spirit:name>
            <spirit:value>9:d7a6de1f</spirit:value>
          </spirit:parameter>
        </spirit:parameters>
      </spirit:view>
    </spirit:views>
    <spirit:ports>
      <spirit:port>
        <spirit:name>CLK</spirit:name>
        <spirit:wire>
          <spirit:direction>in</spirit:direction>
          <spirit:wireTypeDefs>
            <spirit:wireTypeDef>
              <spirit:typeName>STD_LOGIC</spirit:typeName>
              <spirit:viewNameRef>xilinx_anylanguagesynthesis</spirit:viewNameRef>
              <spirit:viewNameRef>xilinx_anylanguagebehavioralsimulation</spirit:viewNameRef>
            </spirit:wireTypeDef>
          </spirit:wireTypeDefs>
        </spirit:wire>
      </spirit:port>
      <spirit:port>
        <spirit:name>RST</spirit:name>
        <spirit:wire>
          <spirit:direction>in</spirit:direction>
          <spirit:wireTypeDefs>
            <spirit:wireTypeDef>
              <spirit:typeName>STD_LOGIC</spirit:typeName>
              <spirit:viewNameRef>xilinx_anylanguagesynthesis</spirit:viewNameRef>
              <spirit:viewNameRef>xilinx_anylanguagebehavioralsimulation</spirit:viewNameRef>
            </spirit:wireTypeDef>
          </spirit:wireTypeDefs>
        </spirit:wire>
      </spirit:port>
      <spirit:port>
        <spirit:name>INP</spirit:name>
        <spirit:wire>
          <spirit:direction>in</spirit:direction>
          <spirit:wireTypeDefs>
            <spirit:wireTypeDef>
              <spirit:typeName>STD_LOGIC</spirit:typeName>
              <spirit:viewNameRef>xilinx_anylanguagesynthesis</spirit:viewNameRef>
              <spirit:viewNameRef>xilinx_anylanguagebehavioralsimulation</spirit:viewNameRef>
            </spirit:wireTypeDef>
          </spirit:wireTypeDefs>
        </spirit:wire>
      </spirit:port>
      <spirit:port>
        <spirit:name>DATA_OUT</spirit:name>
        <spirit:wire>
          <spirit:direction>out</spirit:direction>
          <spirit:vector>
            <spirit:left spirit:format="long">31</spirit:left>
            <spirit:right spirit:format="long">0</spirit:right>
          </spirit:vector>
          <spirit:wireTypeDefs>
            <spirit:wireTypeDef>
              <spirit:typeName>STD_LOGIC_VECTOR</spirit:typeName>
              <spirit:viewNameRef>xilinx_anylanguagesynthesis</spirit:viewNameRef>
              <spirit:viewNameRef>xilinx_anylanguagebehavioralsimulation</spirit:viewNameRef>
            </spirit:wireTypeDef>
          </spirit:wireTypeDefs>
        </spirit:wire>
      </spirit:port>
      <spirit:port>
        <spirit:name>DATA_VALID</spirit:name>
        <spirit:wire>
          <spirit:direction>out</spirit:direction>
          <spirit:wireTypeDefs>
            <spirit:wireTypeDef>
              <spirit:typeName>STD_LOGIC</spirit:typeName>
              <spirit:viewNameRef>xilinx_anylanguagesynthesis</spirit:viewNameRef>
              <spirit:viewNameRef>xilinx_anylanguagebehavioralsimulation</spirit:viewNameRef>
            </spirit:wireTypeDef>
          </spirit:wireTypeDefs>
        </spirit:wire>
      </spirit:port>
    </spirit:ports>
    <spirit:modelParameters>
      <spirit:modelParameter xsi:type="spirit:nameValueTypeType" spirit:dataType="INTEGER">
        <spirit:name>GATE_TIME</spirit:name>
        <spirit:displayName>Gate Time</spirit:displayName>
        <spirit:value spirit:format="long" spirit:resolve="generated" spirit:id="MODELPARAM_VALUE.GATE_TIME">50</spirit:value>
      </spirit:modelParameter>
      <spirit:modelParameter spirit:dataType="INTEGER">
        <spirit:name>REF_CLK_FREQUENCY</spirit:name>
        <spirit:displayName>Ref Clk Frequency</spirit:displayName>
        <spirit:value spirit:format="long" spirit:resolve="generated" spirit:id="MODELPARAM_VALUE.REF_CLK_FREQUENCY">50</spirit:value>
      </spirit:modelParameter>
      <spirit:modelParameter spirit:dataType="STRING">
        <spirit:name>RST_ACTIVE</spirit:name>
        <spirit:displayName>Rst Active</spirit:displayName>
        <spirit:value spirit:resolve="generated" spirit:id="MODELPARAM_VALUE.RST_ACTIVE">ACTIVE_HIGH</spirit:value>
      </spirit:modelParameter>
      <spirit:modelParameter spirit:dataType="STRING">
        <spirit:name>OUTPUT_TYPE</spirit:name>
        <spirit:displayName>Output Type</spirit:displayName>
        <spirit:value spirit:resolve="generated" spirit:id="MODELPARAM_VALUE.OUTPUT_TYPE">PULSE_NUM</spirit:value>
      </spirit:modelParameter>
    </spirit:modelParameters>
  </spirit:model>
  <spirit:choices>
    <spirit:choice>
      <spirit:name>choice_list_9d8b0d81</spirit:name>
      <spirit:enumeration>ACTIVE_HIGH</spirit:enumeration>
      <spirit:enumeration>ACTIVE_LOW</spirit:enumeration>
    </spirit:choice>
    <spirit:choice>
      <spirit:name>choice_list_f86c31b0</spirit:name>
      <spirit:enumeration>FREQUENCY</spirit:enumeration>
      <spirit:enumeration>PULSE_NUM</spirit:enumeration>
    </spirit:choice>
  </spirit:choices>
  <spirit:fileSets>
    <spirit:fileSet>
      <spirit:name>xilinx_anylanguagesynthesis_view_fileset</spirit:name>
      <spirit:file>
        <spirit:name>../../ipshared/98e0/FREQUENCY_METER_PULSE.vhd</spirit:name>
        <spirit:fileType>vhdlSource</spirit:fileType>
      </spirit:file>
    </spirit:fileSet>
    <spirit:fileSet>
      <spirit:name>xilinx_vhdlsynthesiswrapper_view_fileset</spirit:name>
      <spirit:file>
        <spirit:name>synth/TOP_FREQUENCY_METER_PULSE_0_0.vhd</spirit:name>
        <spirit:fileType>vhdlSource</spirit:fileType>
        <spirit:logicalName>xil_defaultlib</spirit:logicalName>
      </spirit:file>
    </spirit:fileSet>
    <spirit:fileSet>
      <spirit:name>xilinx_anylanguagebehavioralsimulation_view_fileset</spirit:name>
      <spirit:file>
        <spirit:name>../../ipshared/98e0/FREQUENCY_METER_PULSE.vhd</spirit:name>
        <spirit:fileType>vhdlSource</spirit:fileType>
      </spirit:file>
    </spirit:fileSet>
    <spirit:fileSet>
      <spirit:name>xilinx_vhdlsimulationwrapper_view_fileset</spirit:name>
      <spirit:file>
        <spirit:name>sim/TOP_FREQUENCY_METER_PULSE_0_0.vhd</spirit:name>
        <spirit:fileType>vhdlSource</spirit:fileType>
        <spirit:logicalName>xil_defaultlib</spirit:logicalName>
      </spirit:file>
    </spirit:fileSet>
    <spirit:fileSet>
      <spirit:name>xilinx_externalfiles_view_fileset</spirit:name>
      <spirit:file>
        <spirit:name>TOP_FREQUENCY_METER_PULSE_0_0.dcp</spirit:name>
        <spirit:userFileType>dcp</spirit:userFileType>
        <spirit:userFileType>USED_IN_implementation</spirit:userFileType>
        <spirit:userFileType>USED_IN_synthesis</spirit:userFileType>
        <spirit:logicalName>xil_defaultlib</spirit:logicalName>
      </spirit:file>
      <spirit:file>
        <spirit:name>TOP_FREQUENCY_METER_PULSE_0_0_sim_netlist.v</spirit:name>
        <spirit:fileType>verilogSource</spirit:fileType>
        <spirit:userFileType>USED_IN_simulation</spirit:userFileType>
        <spirit:userFileType>USED_IN_single_language</spirit:userFileType>
        <spirit:logicalName>xil_defaultlib</spirit:logicalName>
      </spirit:file>
      <spirit:file>
        <spirit:name>TOP_FREQUENCY_METER_PULSE_0_0_sim_netlist.vhdl</spirit:name>
        <spirit:fileType>vhdlSource</spirit:fileType>
        <spirit:userFileType>USED_IN_simulation</spirit:userFileType>
        <spirit:userFileType>USED_IN_single_language</spirit:userFileType>
        <spirit:logicalName>xil_defaultlib</spirit:logicalName>
      </spirit:file>
      <spirit:file>
        <spirit:name>TOP_FREQUENCY_METER_PULSE_0_0_stub.v</spirit:name>
        <spirit:fileType>verilogSource</spirit:fileType>
        <spirit:userFileType>USED_IN_synth_blackbox_stub</spirit:userFileType>
        <spirit:logicalName>xil_defaultlib</spirit:logicalName>
      </spirit:file>
      <spirit:file>
        <spirit:name>TOP_FREQUENCY_METER_PULSE_0_0_stub.vhdl</spirit:name>
        <spirit:fileType>vhdlSource</spirit:fileType>
        <spirit:userFileType>USED_IN_synth_blackbox_stub</spirit:userFileType>
        <spirit:logicalName>xil_defaultlib</spirit:logicalName>
      </spirit:file>
    </spirit:fileSet>
  </spirit:fileSets>
  <spirit:description>FREQUENCY_METER_PULSE_v1_0</spirit:description>
  <spirit:parameters>
    <spirit:parameter>
      <spirit:name>GATE_TIME</spirit:name>
      <spirit:displayName>Gate Time</spirit:displayName>
      <spirit:value spirit:format="long" spirit:resolve="user" spirit:id="PARAM_VALUE.GATE_TIME" spirit:minimum="1" spirit:maximum="100000" spirit:rangeType="long">50</spirit:value>
    </spirit:parameter>
    <spirit:parameter>
      <spirit:name>REF_CLK_FREQUENCY</spirit:name>
      <spirit:displayName>Ref Clk Frequency</spirit:displayName>
      <spirit:value spirit:format="long" spirit:resolve="user" spirit:id="PARAM_VALUE.REF_CLK_FREQUENCY" spirit:minimum="1" spirit:maximum="1000" spirit:rangeType="long">50</spirit:value>
    </spirit:parameter>
    <spirit:parameter>
      <spirit:name>RST_ACTIVE</spirit:name>
      <spirit:displayName>Rst Active</spirit:displayName>
      <spirit:value spirit:resolve="user" spirit:id="PARAM_VALUE.RST_ACTIVE" spirit:choiceRef="choice_list_9d8b0d81">ACTIVE_HIGH</spirit:value>
    </spirit:parameter>
    <spirit:parameter>
      <spirit:name>OUTPUT_TYPE</spirit:name>
      <spirit:displayName>Output Type</spirit:displayName>
      <spirit:value spirit:resolve="user" spirit:id="PARAM_VALUE.OUTPUT_TYPE" spirit:choiceRef="choice_list_f86c31b0">PULSE_NUM</spirit:value>
    </spirit:parameter>
    <spirit:parameter>
      <spirit:name>Component_Name</spirit:name>
      <spirit:value spirit:resolve="user" spirit:id="PARAM_VALUE.Component_Name" spirit:order="1">TOP_FREQUENCY_METER_PULSE_0_0</spirit:value>
    </spirit:parameter>
  </spirit:parameters>
  <spirit:vendorExtensions>
    <xilinx:coreExtensions>
      <xilinx:displayName>FREQUENCY_METER_PULSE_v1_0</xilinx:displayName>
      <xilinx:definitionSource>package_project</xilinx:definitionSource>
      <xilinx:coreRevision>9</xilinx:coreRevision>
      <xilinx:tags>
        <xilinx:tag xilinx:name="ui.data.coregen.dd@64ee2075_ARCHIVE_LOCATION">d:/fpga_code/my_ip/frequency_meter_pulse/frequency_meter_pulse.srcs/sources_1/new</xilinx:tag>
        <xilinx:tag xilinx:name="ui.data.coregen.dd@2b9241bf_ARCHIVE_LOCATION">d:/fpga_code/my_ip/frequency_meter_pulse/frequency_meter_pulse.srcs/sources_1/new</xilinx:tag>
        <xilinx:tag xilinx:name="ui.data.coregen.dd@403c99e0_ARCHIVE_LOCATION">d:/fpga_code/my_ip/frequency_meter_pulse/frequency_meter_pulse.srcs/sources_1/new</xilinx:tag>
        <xilinx:tag xilinx:name="ui.data.coregen.dd@508a2e73_ARCHIVE_LOCATION">d:/fpga_code/my_ip/frequency_meter_pulse/frequency_meter_pulse.srcs/sources_1/new</xilinx:tag>
        <xilinx:tag xilinx:name="ui.data.coregen.dd@6e9245e4_ARCHIVE_LOCATION">d:/fpga_code/my_ip/frequency_meter_pulse/frequency_meter_pulse.srcs/sources_1/new</xilinx:tag>
        <xilinx:tag xilinx:name="ui.data.coregen.dd@5c1dbe5e_ARCHIVE_LOCATION">d:/fpga_code/my_ip/frequency_meter_pulse/frequency_meter_pulse.srcs/sources_1/new</xilinx:tag>
        <xilinx:tag xilinx:name="ui.data.coregen.dd@3467468c_ARCHIVE_LOCATION">d:/fpga_code/my_ip/frequency_meter_pulse/frequency_meter_pulse.srcs/sources_1/new</xilinx:tag>
        <xilinx:tag xilinx:name="ui.data.coregen.dd@3279e757_ARCHIVE_LOCATION">d:/fpga_code/my_ip/frequency_meter_pulse/frequency_meter_pulse.srcs/sources_1/new</xilinx:tag>
        <xilinx:tag xilinx:name="ui.data.coregen.dd@ed97912_ARCHIVE_LOCATION">d:/fpga_code/my_ip/frequency_meter_pulse/frequency_meter_pulse.srcs/sources_1/new</xilinx:tag>
        <xilinx:tag xilinx:name="ui.data.coregen.dd@7cf43c94_ARCHIVE_LOCATION">d:/fpga_code/my_ip/frequency_meter_pulse/frequency_meter_pulse.srcs/sources_1/new</xilinx:tag>
        <xilinx:tag xilinx:name="ui.data.coregen.dd@356acd6d_ARCHIVE_LOCATION">d:/fpga_code/my_ip/frequency_meter_pulse/frequency_meter_pulse.srcs/sources_1/new</xilinx:tag>
        <xilinx:tag xilinx:name="ui.data.coregen.dd@6b71c4c8_ARCHIVE_LOCATION">d:/fpga_code/my_ip/frequency_meter_pulse/frequency_meter_pulse.srcs/sources_1/new</xilinx:tag>
        <xilinx:tag xilinx:name="ui.data.coregen.dd@342117e4_ARCHIVE_LOCATION">d:/fpga_code/my_ip/frequency_meter_pulse/frequency_meter_pulse.srcs/sources_1/new</xilinx:tag>
        <xilinx:tag xilinx:name="ui.data.coregen.dd@5f2d7f00_ARCHIVE_LOCATION">d:/fpga_code/my_ip/frequency_meter_pulse/frequency_meter_pulse.srcs/sources_1/new</xilinx:tag>
        <xilinx:tag xilinx:name="ui.data.coregen.dd@4e86eb8e_ARCHIVE_LOCATION">d:/fpga_code/my_ip/frequency_meter_pulse/frequency_meter_pulse.srcs/sources_1/new</xilinx:tag>
        <xilinx:tag xilinx:name="ui.data.coregen.dd@794bdc48_ARCHIVE_LOCATION">d:/fpga_code/my_ip/frequency_meter_pulse/frequency_meter_pulse.srcs/sources_1/new</xilinx:tag>
        <xilinx:tag xilinx:name="ui.data.coregen.dd@6d47a0cd_ARCHIVE_LOCATION">d:/fpga_code/my_ip/frequency_meter_pulse/frequency_meter_pulse.srcs/sources_1/new</xilinx:tag>
        <xilinx:tag xilinx:name="ui.data.coregen.dd@304959a0_ARCHIVE_LOCATION">d:/fpga_code/my_ip/frequency_meter_pulse/frequency_meter_pulse.srcs/sources_1/new</xilinx:tag>
        <xilinx:tag xilinx:name="ui.data.coregen.dd@1418b89e_ARCHIVE_LOCATION">d:/fpga_code/my_ip/frequency_meter_pulse/frequency_meter_pulse.srcs/sources_1/new</xilinx:tag>
        <xilinx:tag xilinx:name="ui.data.coregen.dd@6fff3ff3_ARCHIVE_LOCATION">d:/fpga_code/my_ip/frequency_meter_pulse/frequency_meter_pulse.srcs/sources_1/new</xilinx:tag>
        <xilinx:tag xilinx:name="ui.data.coregen.dd@7b2cadcc_ARCHIVE_LOCATION">d:/fpga_code/my_ip/frequency_meter_pulse/frequency_meter_pulse.srcs/sources_1/new</xilinx:tag>
        <xilinx:tag xilinx:name="ui.data.coregen.dd@52931f7e_ARCHIVE_LOCATION">d:/fpga_code/my_ip/frequency_meter_pulse/frequency_meter_pulse.srcs/sources_1/new</xilinx:tag>
        <xilinx:tag xilinx:name="ui.data.coregen.dd@7e84aaab_ARCHIVE_LOCATION">d:/FPGA_CODE/My_IP/FREQUENCY_METER_PULSE/FREQUENCY_METER_PULSE.srcs/sources_1/new</xilinx:tag>
        <xilinx:tag xilinx:name="ui.data.coregen.dd@20e4362b_ARCHIVE_LOCATION">d:/FPGA_CODE/My_IP/FREQUENCY_METER_PULSE/FREQUENCY_METER_PULSE.srcs/sources_1/new</xilinx:tag>
        <xilinx:tag xilinx:name="ui.data.coregen.dd@767b5a86_ARCHIVE_LOCATION">d:/FPGA_CODE/My_IP/FREQUENCY_METER_PULSE/FREQUENCY_METER_PULSE.srcs/sources_1/new</xilinx:tag>
        <xilinx:tag xilinx:name="ui.data.coregen.dd@27b44936_ARCHIVE_LOCATION">d:/FPGA_CODE/My_IP/FREQUENCY_METER_PULSE/FREQUENCY_METER_PULSE.srcs/sources_1/new</xilinx:tag>
        <xilinx:tag xilinx:name="ui.data.coregen.dd@504b7d01_ARCHIVE_LOCATION">d:/FPGA_CODE/My_IP/FREQUENCY_METER_PULSE/FREQUENCY_METER_PULSE.srcs/sources_1/new</xilinx:tag>
        <xilinx:tag xilinx:name="ui.data.coregen.dd@3c230b22_ARCHIVE_LOCATION">d:/FPGA_CODE/My_IP/FREQUENCY_METER_PULSE/FREQUENCY_METER_PULSE.srcs/sources_1/new</xilinx:tag>
        <xilinx:tag xilinx:name="ui.data.coregen.dd@71689413_ARCHIVE_LOCATION">d:/FPGA_CODE/My_IP/FREQUENCY_METER_PULSE/FREQUENCY_METER_PULSE.srcs/sources_1/new</xilinx:tag>
        <xilinx:tag xilinx:name="ui.data.coregen.dd@7000991e_ARCHIVE_LOCATION">d:/FPGA_CODE/My_IP/FREQUENCY_METER_PULSE/FREQUENCY_METER_PULSE.srcs/sources_1/new</xilinx:tag>
        <xilinx:tag xilinx:name="ui.data.coregen.dd@6201c59f_ARCHIVE_LOCATION">d:/FPGA_CODE/My_IP/FREQUENCY_METER_PULSE/FREQUENCY_METER_PULSE.srcs/sources_1/new</xilinx:tag>
        <xilinx:tag xilinx:name="ui.data.coregen.dd@747e9dce_ARCHIVE_LOCATION">d:/FPGA_CODE/My_IP/FREQUENCY_METER_PULSE/FREQUENCY_METER_PULSE.srcs/sources_1/new</xilinx:tag>
        <xilinx:tag xilinx:name="ui.data.coregen.dd@7c2340db_ARCHIVE_LOCATION">d:/FPGA_CODE/My_IP/FREQUENCY_METER_PULSE/FREQUENCY_METER_PULSE.srcs/sources_1/new</xilinx:tag>
        <xilinx:tag xilinx:name="ui.data.coregen.dd@7018b6d5_ARCHIVE_LOCATION">d:/FPGA_CODE/My_IP/FREQUENCY_METER_PULSE/FREQUENCY_METER_PULSE.srcs/sources_1/new</xilinx:tag>
        <xilinx:tag xilinx:name="ui.data.coregen.dd@14d25170_ARCHIVE_LOCATION">d:/FPGA_CODE/My_IP/FREQUENCY_METER_PULSE/FREQUENCY_METER_PULSE.srcs/sources_1/new</xilinx:tag>
        <xilinx:tag xilinx:name="ui.data.coregen.dd@277db8b4_ARCHIVE_LOCATION">d:/FPGA_CODE/My_IP/FREQUENCY_METER_PULSE/FREQUENCY_METER_PULSE.srcs/sources_1/new</xilinx:tag>
        <xilinx:tag xilinx:name="ui.data.coregen.dd@72983012_ARCHIVE_LOCATION">d:/FPGA_CODE/My_IP/FREQUENCY_METER_PULSE/FREQUENCY_METER_PULSE.srcs/sources_1/new</xilinx:tag>
        <xilinx:tag xilinx:name="ui.data.coregen.dd@6201cc17_ARCHIVE_LOCATION">d:/FPGA_CODE/My_IP/FREQUENCY_METER_PULSE/FREQUENCY_METER_PULSE.srcs/sources_1/new</xilinx:tag>
        <xilinx:tag xilinx:name="ui.data.coregen.dd@fc5bf29_ARCHIVE_LOCATION">d:/FPGA_CODE/My_IP/FREQUENCY_METER_PULSE/FREQUENCY_METER_PULSE.srcs/sources_1/new</xilinx:tag>
        <xilinx:tag xilinx:name="ui.data.coregen.dd@bba5694_ARCHIVE_LOCATION">d:/FPGA_CODE/My_IP/FREQUENCY_METER_PULSE/FREQUENCY_METER_PULSE.srcs/sources_1/new</xilinx:tag>
        <xilinx:tag xilinx:name="ui.data.coregen.dd@19506a07_ARCHIVE_LOCATION">d:/FPGA_CODE/My_IP/FREQUENCY_METER_PULSE/FREQUENCY_METER_PULSE.srcs/sources_1/new</xilinx:tag>
        <xilinx:tag xilinx:name="ui.data.coregen.dd@49833b3e_ARCHIVE_LOCATION">d:/FPGA_CODE/My_IP/FREQUENCY_METER_PULSE/FREQUENCY_METER_PULSE.srcs/sources_1/new</xilinx:tag>
        <xilinx:tag xilinx:name="ui.data.coregen.dd@44630d70_ARCHIVE_LOCATION">d:/FPGA_CODE/My_IP/FREQUENCY_METER_PULSE/FREQUENCY_METER_PULSE.srcs/sources_1/new</xilinx:tag>
        <xilinx:tag xilinx:name="ui.data.coregen.dd@17d52357_ARCHIVE_LOCATION">d:/FPGA_CODE/My_IP/FREQUENCY_METER_PULSE/FREQUENCY_METER_PULSE.srcs/sources_1/new</xilinx:tag>
        <xilinx:tag xilinx:name="ui.data.coregen.dd@6f19b19b_ARCHIVE_LOCATION">d:/FPGA_CODE/My_IP/FREQUENCY_METER_PULSE/FREQUENCY_METER_PULSE.srcs/sources_1/new</xilinx:tag>
        <xilinx:tag xilinx:name="ui.data.coregen.dd@4f757188_ARCHIVE_LOCATION">d:/FPGA_CODE/My_IP/FREQUENCY_METER_PULSE/FREQUENCY_METER_PULSE.srcs/sources_1/new</xilinx:tag>
        <xilinx:tag xilinx:name="ui.data.coregen.dd@5e690f2c_ARCHIVE_LOCATION">d:/FPGA_CODE/My_IP/FREQUENCY_METER_PULSE/FREQUENCY_METER_PULSE.srcs/sources_1/new</xilinx:tag>
        <xilinx:tag xilinx:name="ui.data.coregen.dd@7db22acc_ARCHIVE_LOCATION">d:/FPGA_CODE/My_IP/FREQUENCY_METER_PULSE/FREQUENCY_METER_PULSE.srcs/sources_1/new</xilinx:tag>
        <xilinx:tag xilinx:name="ui.data.coregen.dd@5626ccc0_ARCHIVE_LOCATION">d:/FPGA_CODE/My_IP/FREQUENCY_METER_PULSE/FREQUENCY_METER_PULSE.srcs/sources_1/new</xilinx:tag>
        <xilinx:tag xilinx:name="ui.data.coregen.dd@15638d6a_ARCHIVE_LOCATION">d:/FPGA_CODE/My_IP/FREQUENCY_METER_PULSE/FREQUENCY_METER_PULSE.srcs/sources_1/new</xilinx:tag>
        <xilinx:tag xilinx:name="ui.data.coregen.dd@3bc8deef_ARCHIVE_LOCATION">d:/FPGA_CODE/My_IP/FREQUENCY_METER_PULSE/FREQUENCY_METER_PULSE.srcs/sources_1/new</xilinx:tag>
        <xilinx:tag xilinx:name="ui.data.coregen.dd@4b24ddaf_ARCHIVE_LOCATION">d:/FPGA_CODE/My_IP/FREQUENCY_METER_PULSE/FREQUENCY_METER_PULSE.srcs/sources_1/new</xilinx:tag>
        <xilinx:tag xilinx:name="ui.data.coregen.dd@1e1cb422_ARCHIVE_LOCATION">d:/FPGA_CODE/My_IP/FREQUENCY_METER_PULSE/FREQUENCY_METER_PULSE.srcs/sources_1/new</xilinx:tag>
        <xilinx:tag xilinx:name="ui.data.coregen.dd@7c0ea448_ARCHIVE_LOCATION">d:/FPGA_CODE/My_IP/FREQUENCY_METER_PULSE/FREQUENCY_METER_PULSE.srcs/sources_1/new</xilinx:tag>
        <xilinx:tag xilinx:name="ui.data.coregen.dd@dfdecf7_ARCHIVE_LOCATION">d:/FPGA_CODE/My_IP/FREQUENCY_METER_PULSE/FREQUENCY_METER_PULSE.srcs/sources_1/new</xilinx:tag>
        <xilinx:tag xilinx:name="ui.data.coregen.dd@50b6bab6_ARCHIVE_LOCATION">d:/FPGA_CODE/My_IP/FREQUENCY_METER_PULSE/FREQUENCY_METER_PULSE.srcs/sources_1/new</xilinx:tag>
        <xilinx:tag xilinx:name="ui.data.coregen.dd@7fa94004_ARCHIVE_LOCATION">d:/FPGA_CODE/My_IP/FREQUENCY_METER_PULSE/FREQUENCY_METER_PULSE.srcs/sources_1/new</xilinx:tag>
        <xilinx:tag xilinx:name="ui.data.coregen.dd@4e78aa4b_ARCHIVE_LOCATION">d:/FPGA_CODE/My_IP/FREQUENCY_METER_PULSE/FREQUENCY_METER_PULSE.srcs/sources_1/new</xilinx:tag>
        <xilinx:tag xilinx:name="ui.data.coregen.dd@5852c1c7_ARCHIVE_LOCATION">d:/FPGA_CODE/My_IP/FREQUENCY_METER_PULSE/FREQUENCY_METER_PULSE.srcs/sources_1/new</xilinx:tag>
        <xilinx:tag xilinx:name="ui.data.coregen.dd@44ca75c5_ARCHIVE_LOCATION">d:/FPGA_CODE/My_IP/FREQUENCY_METER_PULSE/FREQUENCY_METER_PULSE.srcs/sources_1/new</xilinx:tag>
        <xilinx:tag xilinx:name="ui.data.coregen.dd@62b12d7a_ARCHIVE_LOCATION">d:/FPGA_CODE/My_IP/FREQUENCY_METER_PULSE/FREQUENCY_METER_PULSE.srcs/sources_1/new</xilinx:tag>
        <xilinx:tag xilinx:name="ui.data.coregen.dd@798fd069_ARCHIVE_LOCATION">d:/FPGA_CODE/My_IP/FREQUENCY_METER_PULSE/FREQUENCY_METER_PULSE.srcs/sources_1/new</xilinx:tag>
        <xilinx:tag xilinx:name="ui.data.coregen.dd@3a78e388_ARCHIVE_LOCATION">d:/FPGA_CODE/My_IP/FREQUENCY_METER_PULSE/FREQUENCY_METER_PULSE.srcs/sources_1/new</xilinx:tag>
        <xilinx:tag xilinx:name="ui.data.coregen.dd@7100508c_ARCHIVE_LOCATION">d:/FPGA_CODE/My_IP/FREQUENCY_METER_PULSE/FREQUENCY_METER_PULSE.srcs/sources_1/new</xilinx:tag>
        <xilinx:tag xilinx:name="ui.data.coregen.dd@704e4c7_ARCHIVE_LOCATION">d:/FPGA_CODE/My_IP/FREQUENCY_METER_PULSE/FREQUENCY_METER_PULSE.srcs/sources_1/new</xilinx:tag>
        <xilinx:tag xilinx:name="ui.data.coregen.dd@407b9410_ARCHIVE_LOCATION">d:/FPGA_CODE/My_IP/FREQUENCY_METER_PULSE/FREQUENCY_METER_PULSE.srcs/sources_1/new</xilinx:tag>
        <xilinx:tag xilinx:name="ui.data.coregen.dd@bfd8fb0_ARCHIVE_LOCATION">d:/FPGA_CODE/My_IP/FREQUENCY_METER_PULSE/FREQUENCY_METER_PULSE.srcs/sources_1/new</xilinx:tag>
        <xilinx:tag xilinx:name="ui.data.coregen.dd@4a9566a5_ARCHIVE_LOCATION">d:/FPGA_CODE/My_IP/FREQUENCY_METER_PULSE/FREQUENCY_METER_PULSE.srcs/sources_1/new</xilinx:tag>
        <xilinx:tag xilinx:name="ui.data.coregen.dd@4208138b_ARCHIVE_LOCATION">d:/FPGA_CODE/My_IP/FREQUENCY_METER_PULSE/FREQUENCY_METER_PULSE.srcs/sources_1/new</xilinx:tag>
        <xilinx:tag xilinx:name="ui.data.coregen.dd@71064d14_ARCHIVE_LOCATION">d:/FPGA_CODE/My_IP/FREQUENCY_METER_PULSE/FREQUENCY_METER_PULSE.srcs/sources_1/new</xilinx:tag>
        <xilinx:tag xilinx:name="ui.data.coregen.dd@496ba512_ARCHIVE_LOCATION">d:/FPGA_CODE/My_IP/FREQUENCY_METER_PULSE/FREQUENCY_METER_PULSE.srcs/sources_1/new</xilinx:tag>
        <xilinx:tag xilinx:name="ui.data.coregen.dd@419725c8_ARCHIVE_LOCATION">d:/FPGA_CODE/My_IP/FREQUENCY_METER_PULSE/FREQUENCY_METER_PULSE.srcs/sources_1/new</xilinx:tag>
        <xilinx:tag xilinx:name="ui.data.coregen.dd@69ad7460_ARCHIVE_LOCATION">d:/FPGA_CODE/My_IP/FREQUENCY_METER_PULSE/FREQUENCY_METER_PULSE.srcs/sources_1/new</xilinx:tag>
        <xilinx:tag xilinx:name="ui.data.coregen.dd@4f60fe66_ARCHIVE_LOCATION">d:/FPGA_CODE/My_IP/FREQUENCY_METER_PULSE/FREQUENCY_METER_PULSE.srcs/sources_1/new</xilinx:tag>
        <xilinx:tag xilinx:name="ui.data.coregen.dd@4fcf941c_ARCHIVE_LOCATION">d:/FPGA_CODE/My_IP/FREQUENCY_METER_PULSE/FREQUENCY_METER_PULSE.srcs/sources_1/new</xilinx:tag>
        <xilinx:tag xilinx:name="ui.data.coregen.dd@fb6a183_ARCHIVE_LOCATION">d:/FPGA_CODE/My_IP/FREQUENCY_METER_PULSE/FREQUENCY_METER_PULSE.srcs/sources_1/new</xilinx:tag>
        <xilinx:tag xilinx:name="ui.data.coregen.dd@619f5b96_ARCHIVE_LOCATION">d:/FPGA_CODE/My_IP/FREQUENCY_METER_PULSE/FREQUENCY_METER_PULSE.srcs/sources_1/new</xilinx:tag>
        <xilinx:tag xilinx:name="ui.data.coregen.dd@1ed72f5_ARCHIVE_LOCATION">d:/FPGA_CODE/My_IP/FREQUENCY_METER_PULSE/FREQUENCY_METER_PULSE.srcs/sources_1/new</xilinx:tag>
        <xilinx:tag xilinx:name="ui.data.coregen.dd@1a2c4e95_ARCHIVE_LOCATION">d:/FPGA_CODE/My_IP/FREQUENCY_METER_PULSE/FREQUENCY_METER_PULSE.srcs/sources_1/new</xilinx:tag>
        <xilinx:tag xilinx:name="ui.data.coregen.dd@67b06b1b_ARCHIVE_LOCATION">d:/FPGA_CODE/My_IP/FREQUENCY_METER_PULSE/FREQUENCY_METER_PULSE.srcs/sources_1/new</xilinx:tag>
        <xilinx:tag xilinx:name="ui.data.coregen.dd@2975fb48_ARCHIVE_LOCATION">d:/FPGA_CODE/My_IP/FREQUENCY_METER_PULSE/FREQUENCY_METER_PULSE.srcs/sources_1/new</xilinx:tag>
        <xilinx:tag xilinx:name="ui.data.coregen.dd@2821d0bf_ARCHIVE_LOCATION">d:/FPGA_CODE/My_IP/FREQUENCY_METER_PULSE/FREQUENCY_METER_PULSE.srcs/sources_1/new</xilinx:tag>
        <xilinx:tag xilinx:name="ui.data.coregen.dd@e53e683_ARCHIVE_LOCATION">d:/FPGA_CODE/My_IP/FREQUENCY_METER_PULSE/FREQUENCY_METER_PULSE.srcs/sources_1/new</xilinx:tag>
        <xilinx:tag xilinx:name="ui.data.coregen.dd@5e5f3390_ARCHIVE_LOCATION">d:/FPGA_CODE/My_IP/FREQUENCY_METER_PULSE/FREQUENCY_METER_PULSE.srcs/sources_1/new</xilinx:tag>
        <xilinx:tag xilinx:name="ui.data.coregen.dd@6f725b3b_ARCHIVE_LOCATION">d:/FPGA_CODE/My_IP/FREQUENCY_METER_PULSE/FREQUENCY_METER_PULSE.srcs/sources_1/new</xilinx:tag>
        <xilinx:tag xilinx:name="ui.data.coregen.dd@233874c5_ARCHIVE_LOCATION">d:/FPGA_CODE/My_IP/FREQUENCY_METER_PULSE/FREQUENCY_METER_PULSE.srcs/sources_1/new</xilinx:tag>
      </xilinx:tags>
      <xilinx:configElementInfos>
        <xilinx:configElementInfo xilinx:referenceId="BUSIFPARAM_VALUE.CLK.ASSOCIATED_BUSIF" xilinx:valuePermission="bd_and_user"/>
        <xilinx:configElementInfo xilinx:referenceId="BUSIFPARAM_VALUE.CLK.ASSOCIATED_PORT" xilinx:valuePermission="bd_and_user"/>
        <xilinx:configElementInfo xilinx:referenceId="BUSIFPARAM_VALUE.CLK.ASSOCIATED_RESET" xilinx:valuePermission="bd_and_user"/>
        <xilinx:configElementInfo xilinx:referenceId="BUSIFPARAM_VALUE.CLK.CLK_DOMAIN" xilinx:valueSource="default_prop" xilinx:valuePermission="bd_and_user"/>
        <xilinx:configElementInfo xilinx:referenceId="BUSIFPARAM_VALUE.CLK.FREQ_HZ" xilinx:valueSource="user_prop" xilinx:valuePermission="bd_and_user"/>
        <xilinx:configElementInfo xilinx:referenceId="BUSIFPARAM_VALUE.CLK.FREQ_TOLERANCE_HZ" xilinx:valuePermission="bd_and_user"/>
        <xilinx:configElementInfo xilinx:referenceId="BUSIFPARAM_VALUE.CLK.PHASE" xilinx:valuePermission="bd_and_user"/>
        <xilinx:configElementInfo xilinx:referenceId="BUSIFPARAM_VALUE.RST.POLARITY" xilinx:valuePermission="bd_and_user"/>
        <xilinx:configElementInfo xilinx:referenceId="PARAM_VALUE.GATE_TIME" xilinx:valueSource="user"/>
        <xilinx:configElementInfo xilinx:referenceId="PARAM_VALUE.OUTPUT_TYPE" xilinx:valueSource="user"/>
        <xilinx:configElementInfo xilinx:referenceId="PARAM_VALUE.REF_CLK_FREQUENCY" xilinx:valueSource="user"/>
      </xilinx:configElementInfos>
    </xilinx:coreExtensions>
    <xilinx:packagingInfo>
      <xilinx:xilinxVersion>2020.2</xilinx:xilinxVersion>
      <xilinx:checksum xilinx:scope="busInterfaces" xilinx:value="795d3ab6"/>
      <xilinx:checksum xilinx:scope="fileGroups" xilinx:value="30b556e9"/>
      <xilinx:checksum xilinx:scope="ports" xilinx:value="394dec68"/>
      <xilinx:checksum xilinx:scope="hdlParameters" xilinx:value="e2a064ef"/>
      <xilinx:checksum xilinx:scope="parameters" xilinx:value="151d0921"/>
    </xilinx:packagingInfo>
  </spirit:vendorExtensions>
</spirit:component>
