<?xml version="1.0" encoding="UTF-8"?>
<GenRun Id="synth_1" LaunchPart="xczu3eg-sfvc784-1-i" LaunchTime="1678764357" LaunchIncrCheckpoint="$PSRCDIR/utils_1/imports/synth_1/PID_INCREMENT.dcp">
  <File Type="PA-TCL" Name="PID_INCREMENT.tcl"/>
  <File Type="RDS-PROPCONSTRS" Name="PID_INCREMENT_drc_synth.rpt"/>
  <File Type="REPORTS-TCL" Name="PID_INCREMENT_reports.tcl"/>
  <File Type="RDS-RDS" Name="PID_INCREMENT.vds"/>
  <File Type="RDS-UTIL" Name="PID_INCREMENT_utilization_synth.rpt"/>
  <File Type="RDS-UTIL-PB" Name="PID_INCREMENT_utilization_synth.pb"/>
  <File Type="RDS-DCP" Name="PID_INCREMENT.dcp"/>
  <File Type="VDS-TIMINGSUMMARY" Name="PID_INCREMENT_timing_summary_synth.rpt"/>
  <File Type="VDS-TIMING-PB" Name="PID_INCREMENT_timing_summary_synth.pb"/>
  <FileSet Name="sources" Type="DesignSrcs" RelSrcDir="$PSRCDIR/sources_1" RelGenDir="$PGENDIR/sources_1">
    <Filter Type="Srcs"/>
    <File Path="$PSRCDIR/sources_1/new/PID_INCREMENT.vhd">
      <FileInfo>
        <Attr Name="UsedIn" Val="synthesis"/>
        <Attr Name="UsedIn" Val="simulation"/>
      </FileInfo>
    </File>
    <File Path="$PSRCDIR/sources_1/new/component.xml">
      <FileInfo SFType="IPXACT"/>
    </File>
    <Config>
      <Option Name="DesignMode" Val="RTL"/>
      <Option Name="TopModule" Val="PID_INCREMENT"/>
      <Option Name="TopAutoSet" Val="TRUE"/>
    </Config>
  </FileSet>
  <FileSet Name="constrs_in" Type="Constrs" RelSrcDir="$PSRCDIR/constrs_1">
    <Filter Type="Constrs"/>
    <Config>
      <Option Name="ConstrsType" Val="XDC"/>
    </Config>
  </FileSet>
  <FileSet Name="utils" Type="Utils" RelSrcDir="$PSRCDIR/utils_1">
    <Filter Type="Utils"/>
    <File Path="$PSRCDIR/utils_1/imports/synth_1/PID_INCREMENT.dcp">
      <FileInfo>
        <Attr Name="UsedIn" Val="synthesis"/>
        <Attr Name="UsedIn" Val="implementation"/>
        <Attr Name="UsedInSteps" Val="synth_1"/>
        <Attr Name="AutoDcp" Val="1"/>
      </FileInfo>
    </File>
    <Config>
      <Option Name="TopAutoSet" Val="TRUE"/>
    </Config>
  </FileSet>
  <Strategy Version="1" Minor="2">
    <StratHandle Name="Vivado Synthesis Defaults" Flow="Vivado Synthesis 2022"/>
    <Step Id="synth_design"/>
  </Strategy>
</GenRun>
