<?xml version="1.0" encoding="UTF-8"?>
<!-- Product Version: Vivado v2022.2 (64-bit)                     -->
<!--                                                              -->
<!-- Copyright 1986-2022 Xilinx, Inc. All Rights Reserved.        -->

<hwsession version="1" minor="2">
  <device name="xc7a35t_0" gui_info="dashboard1=hw_vios[xc7a35t_0/hw_vio_1=VIO_PROBES_1;]"/>
  <ObjectList object_type="hw_device" gui_info="">
    <Object name="xc7a35t_0" gui_info="">
      <Properties Property="FULL_PROBES.FILE" value="$_project_name_.runs/impl_1/TOP_wrapper.ltx"/>
      <Properties Property="PROBES.FILE" value="$_project_name_.runs/impl_1/TOP_wrapper.ltx"/>
      <Properties Property="PROGRAM.HW_BITSTREAM" value="$_project_name_.runs/impl_1/TOP_wrapper.bit"/>
      <Properties Property="SLR.COUNT" value="1"/>
    </Object>
  </ObjectList>
  <ObjectList object_type="hw_probe" gui_info="">
    <Object name="TOP_i/DATA_IN_MUL_8_dout[31:0]" gui_info="hw_vios/hw_vio_1=4"/>
    <Object name="TOP_i/vio_0_probe_out0[31:0]" gui_info="hw_vios/hw_vio_1=0"/>
    <Object name="TOP_i/vio_0_probe_out1[31:0]" gui_info="hw_vios/hw_vio_1=1"/>
    <Object name="TOP_i/vio_0_probe_out2[31:0]" gui_info="hw_vios/hw_vio_1=2"/>
    <Object name="TOP_i/vio_0_probe_out3[31:0]" gui_info="hw_vios/hw_vio_1=3"/>
  </ObjectList>
  <ObjectList object_type="hw_vio" gui_info="">
    <Object name="hw_vio_1" gui_info="hw_vios/hw_vio_1/TablePreference=5	846	Name	0	2147483647	15	363	363	Value	1	2147483647	15	186	186	Activity	2	2147483647	15	91	91	Direction	3	2147483647	15	106	106	VIO	4	2147483647	15	100	100			1	6	1	Name	Value	Activity	Direction	VIO"/>
  </ObjectList>
  <probeset name="hw project" active="false">
    <probe type="vio_input" busType="bus" source="netlist" spec="VIO_INPUT_V2_RT">
      <probeOptions Id="DebugProbeParams">
        <Option Id="ACTIVITY_PERSISTENCE" value="SHORT"/>
        <Option Id="DISPLAY_HINT" value=""/>
        <Option Id="DISPLAY_VISIBILITY" value=""/>
        <Option Id="HW_VIO" value="hw_vio_2"/>
        <Option Id="INPUT_VALUE_RADIX" value="HEX"/>
        <Option Id="NAME.CUSTOM" value=""/>
        <Option Id="NAME.SELECT" value="Long"/>
        <Option Id="SOURCE" value="netlist"/>
      </probeOptions>
      <nets>
        <net name="TOP_i/DATA_IN_MUL_8_dout[31]"/>
        <net name="TOP_i/DATA_IN_MUL_8_dout[30]"/>
        <net name="TOP_i/DATA_IN_MUL_8_dout[29]"/>
        <net name="TOP_i/DATA_IN_MUL_8_dout[28]"/>
        <net name="TOP_i/DATA_IN_MUL_8_dout[27]"/>
        <net name="TOP_i/DATA_IN_MUL_8_dout[26]"/>
        <net name="TOP_i/DATA_IN_MUL_8_dout[25]"/>
        <net name="TOP_i/DATA_IN_MUL_8_dout[24]"/>
        <net name="TOP_i/DATA_IN_MUL_8_dout[23]"/>
        <net name="TOP_i/DATA_IN_MUL_8_dout[22]"/>
        <net name="TOP_i/DATA_IN_MUL_8_dout[21]"/>
        <net name="TOP_i/DATA_IN_MUL_8_dout[20]"/>
        <net name="TOP_i/DATA_IN_MUL_8_dout[19]"/>
        <net name="TOP_i/DATA_IN_MUL_8_dout[18]"/>
        <net name="TOP_i/DATA_IN_MUL_8_dout[17]"/>
        <net name="TOP_i/DATA_IN_MUL_8_dout[16]"/>
        <net name="TOP_i/DATA_IN_MUL_8_dout[15]"/>
        <net name="TOP_i/DATA_IN_MUL_8_dout[14]"/>
        <net name="TOP_i/DATA_IN_MUL_8_dout[13]"/>
        <net name="TOP_i/DATA_IN_MUL_8_dout[12]"/>
        <net name="TOP_i/DATA_IN_MUL_8_dout[11]"/>
        <net name="TOP_i/DATA_IN_MUL_8_dout[10]"/>
        <net name="TOP_i/DATA_IN_MUL_8_dout[9]"/>
        <net name="TOP_i/DATA_IN_MUL_8_dout[8]"/>
        <net name="TOP_i/DATA_IN_MUL_8_dout[7]"/>
        <net name="TOP_i/DATA_IN_MUL_8_dout[6]"/>
        <net name="TOP_i/DATA_IN_MUL_8_dout[5]"/>
        <net name="TOP_i/DATA_IN_MUL_8_dout[4]"/>
        <net name="TOP_i/DATA_IN_MUL_8_dout[3]"/>
        <net name="TOP_i/DATA_IN_MUL_8_dout[2]"/>
        <net name="TOP_i/DATA_IN_MUL_8_dout[1]"/>
        <net name="TOP_i/DATA_IN_MUL_8_dout[0]"/>
      </nets>
    </probe>
    <probe type="vio_output" busType="bus" source="netlist" spec="VIO_OUTPUT_V2_RT">
      <probeOptions Id="DebugProbeParams">
        <Option Id="DISPLAY_HINT" value=""/>
        <Option Id="DISPLAY_VISIBILITY" value=""/>
        <Option Id="HW_VIO" value="hw_vio_1"/>
        <Option Id="NAME.CUSTOM" value=""/>
        <Option Id="NAME.SELECT" value="Long"/>
        <Option Id="OUTPUT_VALUE" value="00000064"/>
        <Option Id="OUTPUT_VALUE_RADIX" value="HEX"/>
        <Option Id="SOURCE" value="netlist"/>
      </probeOptions>
      <nets>
        <net name="TOP_i/vio_0_probe_out0[31]"/>
        <net name="TOP_i/vio_0_probe_out0[30]"/>
        <net name="TOP_i/vio_0_probe_out0[29]"/>
        <net name="TOP_i/vio_0_probe_out0[28]"/>
        <net name="TOP_i/vio_0_probe_out0[27]"/>
        <net name="TOP_i/vio_0_probe_out0[26]"/>
        <net name="TOP_i/vio_0_probe_out0[25]"/>
        <net name="TOP_i/vio_0_probe_out0[24]"/>
        <net name="TOP_i/vio_0_probe_out0[23]"/>
        <net name="TOP_i/vio_0_probe_out0[22]"/>
        <net name="TOP_i/vio_0_probe_out0[21]"/>
        <net name="TOP_i/vio_0_probe_out0[20]"/>
        <net name="TOP_i/vio_0_probe_out0[19]"/>
        <net name="TOP_i/vio_0_probe_out0[18]"/>
        <net name="TOP_i/vio_0_probe_out0[17]"/>
        <net name="TOP_i/vio_0_probe_out0[16]"/>
        <net name="TOP_i/vio_0_probe_out0[15]"/>
        <net name="TOP_i/vio_0_probe_out0[14]"/>
        <net name="TOP_i/vio_0_probe_out0[13]"/>
        <net name="TOP_i/vio_0_probe_out0[12]"/>
        <net name="TOP_i/vio_0_probe_out0[11]"/>
        <net name="TOP_i/vio_0_probe_out0[10]"/>
        <net name="TOP_i/vio_0_probe_out0[9]"/>
        <net name="TOP_i/vio_0_probe_out0[8]"/>
        <net name="TOP_i/vio_0_probe_out0[7]"/>
        <net name="TOP_i/vio_0_probe_out0[6]"/>
        <net name="TOP_i/vio_0_probe_out0[5]"/>
        <net name="TOP_i/vio_0_probe_out0[4]"/>
        <net name="TOP_i/vio_0_probe_out0[3]"/>
        <net name="TOP_i/vio_0_probe_out0[2]"/>
        <net name="TOP_i/vio_0_probe_out0[1]"/>
        <net name="TOP_i/vio_0_probe_out0[0]"/>
      </nets>
    </probe>
    <probe type="vio_output" busType="bus" source="netlist" spec="VIO_OUTPUT_V2_RT">
      <probeOptions Id="DebugProbeParams">
        <Option Id="DISPLAY_HINT" value=""/>
        <Option Id="DISPLAY_VISIBILITY" value=""/>
        <Option Id="HW_VIO" value="hw_vio_1"/>
        <Option Id="NAME.CUSTOM" value=""/>
        <Option Id="NAME.SELECT" value="Long"/>
        <Option Id="OUTPUT_VALUE" value="00000046"/>
        <Option Id="OUTPUT_VALUE_RADIX" value="HEX"/>
        <Option Id="SOURCE" value="netlist"/>
      </probeOptions>
      <nets>
        <net name="TOP_i/vio_0_probe_out1[31]"/>
        <net name="TOP_i/vio_0_probe_out1[30]"/>
        <net name="TOP_i/vio_0_probe_out1[29]"/>
        <net name="TOP_i/vio_0_probe_out1[28]"/>
        <net name="TOP_i/vio_0_probe_out1[27]"/>
        <net name="TOP_i/vio_0_probe_out1[26]"/>
        <net name="TOP_i/vio_0_probe_out1[25]"/>
        <net name="TOP_i/vio_0_probe_out1[24]"/>
        <net name="TOP_i/vio_0_probe_out1[23]"/>
        <net name="TOP_i/vio_0_probe_out1[22]"/>
        <net name="TOP_i/vio_0_probe_out1[21]"/>
        <net name="TOP_i/vio_0_probe_out1[20]"/>
        <net name="TOP_i/vio_0_probe_out1[19]"/>
        <net name="TOP_i/vio_0_probe_out1[18]"/>
        <net name="TOP_i/vio_0_probe_out1[17]"/>
        <net name="TOP_i/vio_0_probe_out1[16]"/>
        <net name="TOP_i/vio_0_probe_out1[15]"/>
        <net name="TOP_i/vio_0_probe_out1[14]"/>
        <net name="TOP_i/vio_0_probe_out1[13]"/>
        <net name="TOP_i/vio_0_probe_out1[12]"/>
        <net name="TOP_i/vio_0_probe_out1[11]"/>
        <net name="TOP_i/vio_0_probe_out1[10]"/>
        <net name="TOP_i/vio_0_probe_out1[9]"/>
        <net name="TOP_i/vio_0_probe_out1[8]"/>
        <net name="TOP_i/vio_0_probe_out1[7]"/>
        <net name="TOP_i/vio_0_probe_out1[6]"/>
        <net name="TOP_i/vio_0_probe_out1[5]"/>
        <net name="TOP_i/vio_0_probe_out1[4]"/>
        <net name="TOP_i/vio_0_probe_out1[3]"/>
        <net name="TOP_i/vio_0_probe_out1[2]"/>
        <net name="TOP_i/vio_0_probe_out1[1]"/>
        <net name="TOP_i/vio_0_probe_out1[0]"/>
      </nets>
    </probe>
    <probe type="vio_output" busType="bus" source="netlist" spec="VIO_OUTPUT_V2_RT">
      <probeOptions Id="DebugProbeParams">
        <Option Id="DISPLAY_HINT" value=""/>
        <Option Id="DISPLAY_VISIBILITY" value=""/>
        <Option Id="HW_VIO" value="hw_vio_1"/>
        <Option Id="NAME.CUSTOM" value=""/>
        <Option Id="NAME.SELECT" value="Long"/>
        <Option Id="OUTPUT_VALUE" value="00000005"/>
        <Option Id="OUTPUT_VALUE_RADIX" value="HEX"/>
        <Option Id="SOURCE" value="netlist"/>
      </probeOptions>
      <nets>
        <net name="TOP_i/vio_0_probe_out2[31]"/>
        <net name="TOP_i/vio_0_probe_out2[30]"/>
        <net name="TOP_i/vio_0_probe_out2[29]"/>
        <net name="TOP_i/vio_0_probe_out2[28]"/>
        <net name="TOP_i/vio_0_probe_out2[27]"/>
        <net name="TOP_i/vio_0_probe_out2[26]"/>
        <net name="TOP_i/vio_0_probe_out2[25]"/>
        <net name="TOP_i/vio_0_probe_out2[24]"/>
        <net name="TOP_i/vio_0_probe_out2[23]"/>
        <net name="TOP_i/vio_0_probe_out2[22]"/>
        <net name="TOP_i/vio_0_probe_out2[21]"/>
        <net name="TOP_i/vio_0_probe_out2[20]"/>
        <net name="TOP_i/vio_0_probe_out2[19]"/>
        <net name="TOP_i/vio_0_probe_out2[18]"/>
        <net name="TOP_i/vio_0_probe_out2[17]"/>
        <net name="TOP_i/vio_0_probe_out2[16]"/>
        <net name="TOP_i/vio_0_probe_out2[15]"/>
        <net name="TOP_i/vio_0_probe_out2[14]"/>
        <net name="TOP_i/vio_0_probe_out2[13]"/>
        <net name="TOP_i/vio_0_probe_out2[12]"/>
        <net name="TOP_i/vio_0_probe_out2[11]"/>
        <net name="TOP_i/vio_0_probe_out2[10]"/>
        <net name="TOP_i/vio_0_probe_out2[9]"/>
        <net name="TOP_i/vio_0_probe_out2[8]"/>
        <net name="TOP_i/vio_0_probe_out2[7]"/>
        <net name="TOP_i/vio_0_probe_out2[6]"/>
        <net name="TOP_i/vio_0_probe_out2[5]"/>
        <net name="TOP_i/vio_0_probe_out2[4]"/>
        <net name="TOP_i/vio_0_probe_out2[3]"/>
        <net name="TOP_i/vio_0_probe_out2[2]"/>
        <net name="TOP_i/vio_0_probe_out2[1]"/>
        <net name="TOP_i/vio_0_probe_out2[0]"/>
      </nets>
    </probe>
    <probe type="vio_output" busType="bus" source="netlist" spec="VIO_OUTPUT_V2_RT">
      <probeOptions Id="DebugProbeParams">
        <Option Id="DISPLAY_HINT" value=""/>
        <Option Id="DISPLAY_VISIBILITY" value=""/>
        <Option Id="HW_VIO" value="hw_vio_1"/>
        <Option Id="NAME.CUSTOM" value=""/>
        <Option Id="NAME.SELECT" value="Long"/>
        <Option Id="OUTPUT_VALUE" value="000001C2"/>
        <Option Id="OUTPUT_VALUE_RADIX" value="HEX"/>
        <Option Id="SOURCE" value="netlist"/>
      </probeOptions>
      <nets>
        <net name="TOP_i/vio_0_probe_out3[31]"/>
        <net name="TOP_i/vio_0_probe_out3[30]"/>
        <net name="TOP_i/vio_0_probe_out3[29]"/>
        <net name="TOP_i/vio_0_probe_out3[28]"/>
        <net name="TOP_i/vio_0_probe_out3[27]"/>
        <net name="TOP_i/vio_0_probe_out3[26]"/>
        <net name="TOP_i/vio_0_probe_out3[25]"/>
        <net name="TOP_i/vio_0_probe_out3[24]"/>
        <net name="TOP_i/vio_0_probe_out3[23]"/>
        <net name="TOP_i/vio_0_probe_out3[22]"/>
        <net name="TOP_i/vio_0_probe_out3[21]"/>
        <net name="TOP_i/vio_0_probe_out3[20]"/>
        <net name="TOP_i/vio_0_probe_out3[19]"/>
        <net name="TOP_i/vio_0_probe_out3[18]"/>
        <net name="TOP_i/vio_0_probe_out3[17]"/>
        <net name="TOP_i/vio_0_probe_out3[16]"/>
        <net name="TOP_i/vio_0_probe_out3[15]"/>
        <net name="TOP_i/vio_0_probe_out3[14]"/>
        <net name="TOP_i/vio_0_probe_out3[13]"/>
        <net name="TOP_i/vio_0_probe_out3[12]"/>
        <net name="TOP_i/vio_0_probe_out3[11]"/>
        <net name="TOP_i/vio_0_probe_out3[10]"/>
        <net name="TOP_i/vio_0_probe_out3[9]"/>
        <net name="TOP_i/vio_0_probe_out3[8]"/>
        <net name="TOP_i/vio_0_probe_out3[7]"/>
        <net name="TOP_i/vio_0_probe_out3[6]"/>
        <net name="TOP_i/vio_0_probe_out3[5]"/>
        <net name="TOP_i/vio_0_probe_out3[4]"/>
        <net name="TOP_i/vio_0_probe_out3[3]"/>
        <net name="TOP_i/vio_0_probe_out3[2]"/>
        <net name="TOP_i/vio_0_probe_out3[1]"/>
        <net name="TOP_i/vio_0_probe_out3[0]"/>
      </nets>
    </probe>
  </probeset>
</hwsession>
