<?xml version="1.0"?>
<Runs Version="1" Minor="0">
	<Run Id="TOP_PWM_GENERATE_0_0_synth_1" LaunchDir="D:/FPGA_CODE/AXZU3EG/TEST_PROJECT/MOTOR_PID_INCREMENT_TES1/MOTOR_PID_INCREMENT_TES1.runs/TOP_PWM_GENERATE_0_0_synth_1" FlowId="Vivado_Synthesis" FromStepId="vivado" ToStepId="vivado"/>
	<Run Id="TOP_DFF_GENERATE_0_0_synth_1" LaunchDir="D:/FPGA_CODE/AXZU3EG/TEST_PROJECT/MOTOR_PID_INCREMENT_TES1/MOTOR_PID_INCREMENT_TES1.runs/TOP_DFF_GENERATE_0_0_synth_1" FlowId="Vivado_Synthesis" FromStepId="vivado" ToStepId="vivado"/>
	<Run Id="TOP_DFF_GENERATE_0_1_synth_1" LaunchDir="D:/FPGA_CODE/AXZU3EG/TEST_PROJECT/MOTOR_PID_INCREMENT_TES1/MOTOR_PID_INCREMENT_TES1.runs/TOP_DFF_GENERATE_0_1_synth_1" FlowId="Vivado_Synthesis" FromStepId="vivado" ToStepId="vivado" IsOrderedIPRun="true">
		<Parent Id="TOP_DFF_GENERATE_0_0_synth_1"/>
	</Run>
	<Run Id="TOP_DFF_GENERATE_0_3_synth_1" LaunchDir="D:/FPGA_CODE/AXZU3EG/TEST_PROJECT/MOTOR_PID_INCREMENT_TES1/MOTOR_PID_INCREMENT_TES1.runs/TOP_DFF_GENERATE_0_3_synth_1" FlowId="Vivado_Synthesis" FromStepId="vivado" ToStepId="vivado" IsOrderedIPRun="true">
		<Parent Id="TOP_DFF_GENERATE_0_0_synth_1"/>
	</Run>
	<Run Id="TOP_DFF_GENERATE_0_2_synth_1" LaunchDir="D:/FPGA_CODE/AXZU3EG/TEST_PROJECT/MOTOR_PID_INCREMENT_TES1/MOTOR_PID_INCREMENT_TES1.runs/TOP_DFF_GENERATE_0_2_synth_1" FlowId="Vivado_Synthesis" FromStepId="vivado" ToStepId="vivado" IsOrderedIPRun="true">
		<Parent Id="TOP_DFF_GENERATE_0_0_synth_1"/>
	</Run>
	<Run Id="synth_1" LaunchDir="D:/FPGA_CODE/AXZU3EG/TEST_PROJECT/MOTOR_PID_INCREMENT_TES1/MOTOR_PID_INCREMENT_TES1.runs/synth_1" FlowId="Vivado_Synthesis" FromStepId="vivado" ToStepId="vivado">
		<Parent Id="TOP_PWM_GENERATE_0_0_synth_1"/>
		<Parent Id="TOP_DFF_GENERATE_0_0_synth_1"/>
		<Parent Id="TOP_DFF_GENERATE_0_1_synth_1"/>
		<Parent Id="TOP_DFF_GENERATE_0_3_synth_1"/>
		<Parent Id="TOP_DFF_GENERATE_0_2_synth_1"/>
	</Run>
	<Parameters>
		<Parameter Name="runs.monitorLSFJobs" Val="true" Type="bool"/>
		<Parameter Name="runs.enableClusterConf" Val="true" Type="bool"/>
	</Parameters>
</Runs>

