<?xml version="1.0"?>
<Runs Version="1" Minor="0">
	<Run Id="TOP_vio_0_0_synth_1" LaunchDir="F:/FPGA_CODE/AX7035/MOTOR_PID_INCREMENT_TES1/MOTOR_PID_INCREMENT_TES1.runs/TOP_vio_0_0_synth_1" FlowId="Vivado_Synthesis" FromStepId="vivado" ToStepId="vivado"/>
	<Run Id="TOP_vio_1_0_synth_1" LaunchDir="F:/FPGA_CODE/AX7035/MOTOR_PID_INCREMENT_TES1/MOTOR_PID_INCREMENT_TES1.runs/TOP_vio_1_0_synth_1" FlowId="Vivado_Synthesis" FromStepId="vivado" ToStepId="vivado"/>
	<Run Id="synth_1" LaunchDir="F:/FPGA_CODE/AX7035/MOTOR_PID_INCREMENT_TES1/MOTOR_PID_INCREMENT_TES1.runs/synth_1" FlowId="Vivado_Synthesis" FromStepId="vivado" ToStepId="vivado">
		<Parent Id="TOP_vio_0_0_synth_1"/>
		<Parent Id="TOP_vio_1_0_synth_1"/>
	</Run>
	<Parameters>
		<Parameter Name="runs.monitorLSFJobs" Val="true" Type="bool"/>
		<Parameter Name="runs.enableClusterConf" Val="true" Type="bool"/>
	</Parameters>
</Runs>

