<?xml version="1.0"?>
<Runs Version="1" Minor="0">
	<Run Id="TOP_PID_INCREMENT_0_0_synth_1" LaunchDir="D:/FPGA_CODE/AX7035/MOTOR_PID_INCREMENT_TES1/MOTOR_PID_INCREMENT_TES1.runs/TOP_PID_INCREMENT_0_0_synth_1" FlowId="Vivado_Synthesis" FromStepId="vivado" ToStepId="vivado"/>
	<Run Id="TOP_PWM_GENERATE_0_0_synth_1" LaunchDir="D:/FPGA_CODE/AX7035/MOTOR_PID_INCREMENT_TES1/MOTOR_PID_INCREMENT_TES1.runs/TOP_PWM_GENERATE_0_0_synth_1" FlowId="Vivado_Synthesis" FromStepId="vivado" ToStepId="vivado"/>
	<Run Id="TOP_FREQUENCY_METER_PULSE_0_0_synth_1" LaunchDir="D:/FPGA_CODE/AX7035/MOTOR_PID_INCREMENT_TES1/MOTOR_PID_INCREMENT_TES1.runs/TOP_FREQUENCY_METER_PULSE_0_0_synth_1" FlowId="Vivado_Synthesis" FromStepId="vivado" ToStepId="vivado"/>
	<Run Id="TOP_PULSE_GENERATE_0_0_synth_1" LaunchDir="D:/FPGA_CODE/AX7035/MOTOR_PID_INCREMENT_TES1/MOTOR_PID_INCREMENT_TES1.runs/TOP_PULSE_GENERATE_0_0_synth_1" FlowId="Vivado_Synthesis" FromStepId="vivado" ToStepId="vivado"/>
	<Run Id="TOP_PWM_GENERATE_1_0_synth_1" LaunchDir="D:/FPGA_CODE/AX7035/MOTOR_PID_INCREMENT_TES1/MOTOR_PID_INCREMENT_TES1.runs/TOP_PWM_GENERATE_1_0_synth_1" FlowId="Vivado_Synthesis" FromStepId="vivado" ToStepId="vivado"/>
	<Run Id="TOP_vio_0_0_synth_1" LaunchDir="D:/FPGA_CODE/AX7035/MOTOR_PID_INCREMENT_TES1/MOTOR_PID_INCREMENT_TES1.runs/TOP_vio_0_0_synth_1" FlowId="Vivado_Synthesis" FromStepId="vivado" ToStepId="vivado"/>
	<Run Id="TOP_KEY_UNSHAKE_0_0_synth_1" LaunchDir="D:/FPGA_CODE/AX7035/MOTOR_PID_INCREMENT_TES1/MOTOR_PID_INCREMENT_TES1.runs/TOP_KEY_UNSHAKE_0_0_synth_1" FlowId="Vivado_Synthesis" FromStepId="vivado" ToStepId="vivado"/>
	<Run Id="TOP_DFT_GENERATE_0_0_synth_1" LaunchDir="D:/FPGA_CODE/AX7035/MOTOR_PID_INCREMENT_TES1/MOTOR_PID_INCREMENT_TES1.runs/TOP_DFT_GENERATE_0_0_synth_1" FlowId="Vivado_Synthesis" FromStepId="vivado" ToStepId="vivado"/>
	<Run Id="TOP_DFT_GENERATE_0_1_synth_1" LaunchDir="D:/FPGA_CODE/AX7035/MOTOR_PID_INCREMENT_TES1/MOTOR_PID_INCREMENT_TES1.runs/TOP_DFT_GENERATE_0_1_synth_1" FlowId="Vivado_Synthesis" FromStepId="vivado" ToStepId="vivado" IsOrderedIPRun="true">
		<Parent Id="TOP_DFT_GENERATE_0_0_synth_1"/>
	</Run>
	<Run Id="TOP_DFT_GENERATE_0_2_synth_1" LaunchDir="D:/FPGA_CODE/AX7035/MOTOR_PID_INCREMENT_TES1/MOTOR_PID_INCREMENT_TES1.runs/TOP_DFT_GENERATE_0_2_synth_1" FlowId="Vivado_Synthesis" FromStepId="vivado" ToStepId="vivado" IsOrderedIPRun="true">
		<Parent Id="TOP_DFT_GENERATE_0_0_synth_1"/>
	</Run>
	<Run Id="TOP_DFT_GENERATE_0_3_synth_1" LaunchDir="D:/FPGA_CODE/AX7035/MOTOR_PID_INCREMENT_TES1/MOTOR_PID_INCREMENT_TES1.runs/TOP_DFT_GENERATE_0_3_synth_1" FlowId="Vivado_Synthesis" FromStepId="vivado" ToStepId="vivado" IsOrderedIPRun="true">
		<Parent Id="TOP_DFT_GENERATE_0_0_synth_1"/>
	</Run>
	<Parameters>
		<Parameter Name="runs.monitorLSFJobs" Val="true" Type="bool"/>
		<Parameter Name="runs.enableClusterConf" Val="true" Type="bool"/>
	</Parameters>
</Runs>

