<?xml version="1.0" encoding="UTF-8"?>
<GenRun Id="TOP_DFF_GENERATE_0_3_synth_1" LaunchPart="xc7a35tfgg484-2" LaunchTime="1679445690">
  <File Type="PA-TCL" Name="TOP_DFF_GENERATE_0_3.tcl"/>
  <File Type="RDS-PROPCONSTRS" Name="TOP_DFF_GENERATE_0_3_drc_synth.rpt"/>
  <File Type="REPORTS-TCL" Name="TOP_DFF_GENERATE_0_3_reports.tcl"/>
  <File Type="RDS-RDS" Name="TOP_DFF_GENERATE_0_3.vds"/>
  <File Type="RDS-UTIL" Name="TOP_DFF_GENERATE_0_3_utilization_synth.rpt"/>
  <File Type="RDS-UTIL-PB" Name="TOP_DFF_GENERATE_0_3_utilization_synth.pb"/>
  <File Type="RDS-DCP" Name="TOP_DFF_GENERATE_0_3.dcp"/>
  <File Type="VDS-TIMINGSUMMARY" Name="TOP_DFF_GENERATE_0_3_timing_summary_synth.rpt"/>
  <File Type="VDS-TIMING-PB" Name="TOP_DFF_GENERATE_0_3_timing_summary_synth.pb"/>
  <FileSet Name="sources" Type="BlockSrcs" RelSrcDir="$PSRCDIR/TOP_DFF_GENERATE_0_3">
    <File Path="$PSRCDIR/sources_1/bd/TOP/ip/TOP_DFF_GENERATE_0_3/TOP_DFF_GENERATE_0_3.xci">
      <FileInfo>
        <Attr Name="UsedIn" Val="synthesis"/>
        <Attr Name="UsedIn" Val="implementation"/>
        <Attr Name="UsedIn" Val="simulation"/>
      </FileInfo>
    </File>
    <Config>
      <Option Name="TopModule" Val="TOP_DFF_GENERATE_0_3"/>
      <Option Name="UseBlackboxStub" Val="1"/>
    </Config>
  </FileSet>
  <FileSet Name="constrs_in" Type="BlockSrcs" RelSrcDir="$PSRCDIR/TOP_DFF_GENERATE_0_3">
    <File Path="$PSRCDIR/sources_1/bd/TOP/ip/TOP_DFF_GENERATE_0_3/TOP_DFF_GENERATE_0_3.xci">
      <FileInfo>
        <Attr Name="UsedIn" Val="synthesis"/>
        <Attr Name="UsedIn" Val="implementation"/>
        <Attr Name="UsedIn" Val="simulation"/>
      </FileInfo>
    </File>
    <Config>
      <Option Name="TopModule" Val="TOP_DFF_GENERATE_0_3"/>
      <Option Name="UseBlackboxStub" Val="1"/>
    </Config>
  </FileSet>
  <FileSet Name="utils" Type="Utils" RelSrcDir="$PSRCDIR/utils_1">
    <Filter Type="Utils"/>
    <File Path="$PSRCDIR/utils_1/imports/synth_1/TOP_wrapper.dcp">
      <FileInfo>
        <Attr Name="UsedIn" Val="synthesis"/>
        <Attr Name="UsedIn" Val="implementation"/>
        <Attr Name="UsedInSteps" Val="synth_1"/>
        <Attr Name="AutoDcp" Val="1"/>
      </FileInfo>
    </File>
    <Config>
      <Option Name="TopAutoSet" Val="TRUE"/>
    </Config>
  </FileSet>
  <Strategy Version="1" Minor="2">
    <StratHandle Name="Vivado Synthesis Defaults" Flow="Vivado Synthesis 2022">
      <Desc>Vivado Synthesis Defaults</Desc>
    </StratHandle>
    <Step Id="synth_design"/>
  </Strategy>
</GenRun>
