<?xml version="1.0" encoding="UTF-8"?>
<GenRun Id="synth_1" LaunchPart="xc7a35tfgg484-2" LaunchTime="1679445690" LaunchIncrCheckpoint="$PSRCDIR/utils_1/imports/synth_1/TOP_wrapper.dcp">
  <File Type="PA-TCL" Name="TOP_wrapper.tcl"/>
  <File Type="RDS-PROPCONSTRS" Name="TOP_wrapper_drc_synth.rpt"/>
  <File Type="REPORTS-TCL" Name="TOP_wrapper_reports.tcl"/>
  <File Type="RDS-RDS" Name="TOP_wrapper.vds"/>
  <File Type="RDS-UTIL" Name="TOP_wrapper_utilization_synth.rpt"/>
  <File Type="RDS-UTIL-PB" Name="TOP_wrapper_utilization_synth.pb"/>
  <File Type="RDS-DCP" Name="TOP_wrapper.dcp"/>
  <File Type="VDS-TIMINGSUMMARY" Name="TOP_wrapper_timing_summary_synth.rpt"/>
  <File Type="VDS-TIMING-PB" Name="TOP_wrapper_timing_summary_synth.pb"/>
  <FileSet Name="sources" Type="DesignSrcs" RelSrcDir="$PSRCDIR/sources_1" RelGenDir="$PGENDIR/sources_1">
    <Filter Type="Srcs"/>
    <File Path="$PSRCDIR/sources_1/new/MOTOR_CTRL.vhd">
      <FileInfo>
        <Attr Name="UsedIn" Val="synthesis"/>
        <Attr Name="UsedIn" Val="simulation"/>
      </FileInfo>
    </File>
    <File Path="$PSRCDIR/sources_1/bd/TOP/TOP.bd">
      <FileInfo>
        <Attr Name="UsedIn" Val="synthesis"/>
        <Attr Name="UsedIn" Val="implementation"/>
        <Attr Name="UsedIn" Val="simulation"/>
      </FileInfo>
    </File>
    <File Path="$PGENDIR/sources_1/bd/TOP/hdl/TOP_wrapper.vhd">
      <FileInfo>
        <Attr Name="UsedIn" Val="synthesis"/>
        <Attr Name="UsedIn" Val="simulation"/>
      </FileInfo>
    </File>
    <Config>
      <Option Name="DesignMode" Val="RTL"/>
      <Option Name="TopModule" Val="TOP_wrapper"/>
      <Option Name="TopAutoSet" Val="TRUE"/>
    </Config>
  </FileSet>
  <FileSet Name="constrs_in" Type="Constrs" RelSrcDir="$PSRCDIR/constrs_1">
    <Filter Type="Constrs"/>
    <File Path="$PSRCDIR/constrs_1/new/XDC.xdc">
      <FileInfo>
        <Attr Name="UsedIn" Val="synthesis"/>
        <Attr Name="UsedIn" Val="implementation"/>
      </FileInfo>
    </File>
    <Config>
      <Option Name="ConstrsType" Val="XDC"/>
    </Config>
  </FileSet>
  <FileSet Name="utils" Type="Utils" RelSrcDir="$PSRCDIR/utils_1">
    <Filter Type="Utils"/>
    <File Path="$PSRCDIR/utils_1/imports/synth_1/TOP_wrapper.dcp">
      <FileInfo>
        <Attr Name="UsedIn" Val="synthesis"/>
        <Attr Name="UsedIn" Val="implementation"/>
        <Attr Name="UsedInSteps" Val="synth_1"/>
        <Attr Name="AutoDcp" Val="1"/>
      </FileInfo>
    </File>
    <Config>
      <Option Name="TopAutoSet" Val="TRUE"/>
    </Config>
  </FileSet>
  <Strategy Version="1" Minor="2">
    <StratHandle Name="Vivado Synthesis Defaults" Flow="Vivado Synthesis 2022"/>
    <Step Id="synth_design"/>
  </Strategy>
  <BlockFileSet Type="BlockSrcs" Name="TOP_DFF_GENERATE_0_0"/>
  <BlockFileSet Type="BlockSrcs" Name="TOP_vio_0_0"/>
  <BlockFileSet Type="BlockSrcs" Name="TOP_DFF_GENERATE_0_1"/>
  <BlockFileSet Type="BlockSrcs" Name="TOP_vio_1_0"/>
  <BlockFileSet Type="BlockSrcs" Name="TOP_PWM_GENERATE_0_0"/>
  <BlockFileSet Type="BlockSrcs" Name="TOP_DFF_GENERATE_0_3"/>
  <BlockFileSet Type="BlockSrcs" Name="TOP_DFF_GENERATE_0_2"/>
</GenRun>
