<?xml version="1.0" encoding="UTF-8"?>
<spirit:component xmlns:xilinx="http://www.xilinx.com" xmlns:spirit="http://www.spiritconsortium.org/XMLSchema/SPIRIT/1685-2009" xmlns:xsi="http://www.w3.org/2001/XMLSchema-instance">
  <spirit:vendor>xilinx.com</spirit:vendor>
  <spirit:library>user</spirit:library>
  <spirit:name>FREQUENCY_METER_PULSE</spirit:name>
  <spirit:version>1.0</spirit:version>
  <spirit:busInterfaces>
    <spirit:busInterface>
      <spirit:name>RST</spirit:name>
      <spirit:busType spirit:vendor="xilinx.com" spirit:library="signal" spirit:name="reset" spirit:version="1.0"/>
      <spirit:abstractionType spirit:vendor="xilinx.com" spirit:library="signal" spirit:name="reset_rtl" spirit:version="1.0"/>
      <spirit:slave/>
      <spirit:portMaps>
        <spirit:portMap>
          <spirit:logicalPort>
            <spirit:name>RST</spirit:name>
          </spirit:logicalPort>
          <spirit:physicalPort>
            <spirit:name>RST</spirit:name>
          </spirit:physicalPort>
        </spirit:portMap>
      </spirit:portMaps>
    </spirit:busInterface>
    <spirit:busInterface>
      <spirit:name>CLK</spirit:name>
      <spirit:busType spirit:vendor="xilinx.com" spirit:library="signal" spirit:name="clock" spirit:version="1.0"/>
      <spirit:abstractionType spirit:vendor="xilinx.com" spirit:library="signal" spirit:name="clock_rtl" spirit:version="1.0"/>
      <spirit:slave/>
      <spirit:portMaps>
        <spirit:portMap>
          <spirit:logicalPort>
            <spirit:name>CLK</spirit:name>
          </spirit:logicalPort>
          <spirit:physicalPort>
            <spirit:name>CLK</spirit:name>
          </spirit:physicalPort>
        </spirit:portMap>
      </spirit:portMaps>
      <spirit:parameters>
        <spirit:parameter>
          <spirit:name>ASSOCIATED_RESET</spirit:name>
          <spirit:value spirit:id="BUSIFPARAM_VALUE.CLK.ASSOCIATED_RESET">RST</spirit:value>
        </spirit:parameter>
      </spirit:parameters>
    </spirit:busInterface>
  </spirit:busInterfaces>
  <spirit:model>
    <spirit:views>
      <spirit:view>
        <spirit:name>xilinx_anylanguagesynthesis</spirit:name>
        <spirit:displayName>Synthesis</spirit:displayName>
        <spirit:envIdentifier>:vivado.xilinx.com:synthesis</spirit:envIdentifier>
        <spirit:language>VHDL</spirit:language>
        <spirit:modelName>FREQUENCY_METER_PULSE</spirit:modelName>
        <spirit:fileSetRef>
          <spirit:localName>xilinx_anylanguagesynthesis_view_fileset</spirit:localName>
        </spirit:fileSetRef>
        <spirit:parameters>
          <spirit:parameter>
            <spirit:name>viewChecksum</spirit:name>
            <spirit:value>d814cbe6</spirit:value>
          </spirit:parameter>
        </spirit:parameters>
      </spirit:view>
      <spirit:view>
        <spirit:name>xilinx_anylanguagebehavioralsimulation</spirit:name>
        <spirit:displayName>Simulation</spirit:displayName>
        <spirit:envIdentifier>:vivado.xilinx.com:simulation</spirit:envIdentifier>
        <spirit:language>VHDL</spirit:language>
        <spirit:modelName>FREQUENCY_METER_PULSE</spirit:modelName>
        <spirit:fileSetRef>
          <spirit:localName>xilinx_anylanguagebehavioralsimulation_view_fileset</spirit:localName>
        </spirit:fileSetRef>
        <spirit:parameters>
          <spirit:parameter>
            <spirit:name>viewChecksum</spirit:name>
            <spirit:value>d814cbe6</spirit:value>
          </spirit:parameter>
        </spirit:parameters>
      </spirit:view>
      <spirit:view>
        <spirit:name>xilinx_xpgui</spirit:name>
        <spirit:displayName>UI Layout</spirit:displayName>
        <spirit:envIdentifier>:vivado.xilinx.com:xgui.ui</spirit:envIdentifier>
        <spirit:fileSetRef>
          <spirit:localName>xilinx_xpgui_view_fileset</spirit:localName>
        </spirit:fileSetRef>
        <spirit:parameters>
          <spirit:parameter>
            <spirit:name>viewChecksum</spirit:name>
            <spirit:value>74f08b32</spirit:value>
          </spirit:parameter>
        </spirit:parameters>
      </spirit:view>
      <spirit:view>
        <spirit:name>archive_project</spirit:name>
        <spirit:displayName>Miscellaneous</spirit:displayName>
        <spirit:envIdentifier>:vivado.xilinx.com:misc.files</spirit:envIdentifier>
        <spirit:fileSetRef>
          <spirit:localName>archive_project_view_fileset</spirit:localName>
        </spirit:fileSetRef>
        <spirit:parameters>
          <spirit:parameter>
            <spirit:name>viewChecksum</spirit:name>
            <spirit:value>cd0094d7</spirit:value>
          </spirit:parameter>
        </spirit:parameters>
      </spirit:view>
    </spirit:views>
    <spirit:ports>
      <spirit:port>
        <spirit:name>CLK</spirit:name>
        <spirit:wire>
          <spirit:direction>in</spirit:direction>
          <spirit:wireTypeDefs>
            <spirit:wireTypeDef>
              <spirit:typeName>STD_LOGIC</spirit:typeName>
              <spirit:viewNameRef>xilinx_anylanguagesynthesis</spirit:viewNameRef>
              <spirit:viewNameRef>xilinx_anylanguagebehavioralsimulation</spirit:viewNameRef>
            </spirit:wireTypeDef>
          </spirit:wireTypeDefs>
        </spirit:wire>
      </spirit:port>
      <spirit:port>
        <spirit:name>RST</spirit:name>
        <spirit:wire>
          <spirit:direction>in</spirit:direction>
          <spirit:wireTypeDefs>
            <spirit:wireTypeDef>
              <spirit:typeName>STD_LOGIC</spirit:typeName>
              <spirit:viewNameRef>xilinx_anylanguagesynthesis</spirit:viewNameRef>
              <spirit:viewNameRef>xilinx_anylanguagebehavioralsimulation</spirit:viewNameRef>
            </spirit:wireTypeDef>
          </spirit:wireTypeDefs>
        </spirit:wire>
      </spirit:port>
      <spirit:port>
        <spirit:name>INP</spirit:name>
        <spirit:wire>
          <spirit:direction>in</spirit:direction>
          <spirit:wireTypeDefs>
            <spirit:wireTypeDef>
              <spirit:typeName>STD_LOGIC</spirit:typeName>
              <spirit:viewNameRef>xilinx_anylanguagesynthesis</spirit:viewNameRef>
              <spirit:viewNameRef>xilinx_anylanguagebehavioralsimulation</spirit:viewNameRef>
            </spirit:wireTypeDef>
          </spirit:wireTypeDefs>
        </spirit:wire>
      </spirit:port>
      <spirit:port>
        <spirit:name>DATA_OUT</spirit:name>
        <spirit:wire>
          <spirit:direction>out</spirit:direction>
          <spirit:vector>
            <spirit:left spirit:format="long">31</spirit:left>
            <spirit:right spirit:format="long">0</spirit:right>
          </spirit:vector>
          <spirit:wireTypeDefs>
            <spirit:wireTypeDef>
              <spirit:typeName>STD_LOGIC_VECTOR</spirit:typeName>
              <spirit:viewNameRef>xilinx_anylanguagesynthesis</spirit:viewNameRef>
              <spirit:viewNameRef>xilinx_anylanguagebehavioralsimulation</spirit:viewNameRef>
            </spirit:wireTypeDef>
          </spirit:wireTypeDefs>
        </spirit:wire>
      </spirit:port>
      <spirit:port>
        <spirit:name>DATA_VALID</spirit:name>
        <spirit:wire>
          <spirit:direction>out</spirit:direction>
          <spirit:wireTypeDefs>
            <spirit:wireTypeDef>
              <spirit:typeName>STD_LOGIC</spirit:typeName>
              <spirit:viewNameRef>xilinx_anylanguagesynthesis</spirit:viewNameRef>
              <spirit:viewNameRef>xilinx_anylanguagebehavioralsimulation</spirit:viewNameRef>
            </spirit:wireTypeDef>
          </spirit:wireTypeDefs>
        </spirit:wire>
      </spirit:port>
    </spirit:ports>
    <spirit:modelParameters>
      <spirit:modelParameter xsi:type="spirit:nameValueTypeType" spirit:dataType="INTEGER">
        <spirit:name>GATE_TIME</spirit:name>
        <spirit:displayName>Gate Time</spirit:displayName>
        <spirit:value spirit:format="long" spirit:resolve="generated" spirit:id="MODELPARAM_VALUE.GATE_TIME">1000</spirit:value>
      </spirit:modelParameter>
      <spirit:modelParameter spirit:dataType="INTEGER">
        <spirit:name>REF_CLK_FREQUENCY</spirit:name>
        <spirit:displayName>Ref Clk Frequency</spirit:displayName>
        <spirit:value spirit:format="long" spirit:resolve="generated" spirit:id="MODELPARAM_VALUE.REF_CLK_FREQUENCY">200</spirit:value>
      </spirit:modelParameter>
      <spirit:modelParameter spirit:dataType="STRING">
        <spirit:name>RST_ACTIVE</spirit:name>
        <spirit:displayName>Rst Active</spirit:displayName>
        <spirit:value spirit:resolve="generated" spirit:id="MODELPARAM_VALUE.RST_ACTIVE">ACTIVE_HIGH</spirit:value>
      </spirit:modelParameter>
      <spirit:modelParameter spirit:dataType="STRING">
        <spirit:name>OUTPUT_TYPE</spirit:name>
        <spirit:displayName>Output Type</spirit:displayName>
        <spirit:value spirit:resolve="generated" spirit:id="MODELPARAM_VALUE.OUTPUT_TYPE">FREQUENCY</spirit:value>
      </spirit:modelParameter>
    </spirit:modelParameters>
  </spirit:model>
  <spirit:choices>
    <spirit:choice>
      <spirit:name>choice_list_9d8b0d81</spirit:name>
      <spirit:enumeration>ACTIVE_HIGH</spirit:enumeration>
      <spirit:enumeration>ACTIVE_LOW</spirit:enumeration>
    </spirit:choice>
    <spirit:choice>
      <spirit:name>choice_list_f86c31b0</spirit:name>
      <spirit:enumeration>FREQUENCY</spirit:enumeration>
      <spirit:enumeration>PULSE_NUM</spirit:enumeration>
    </spirit:choice>
  </spirit:choices>
  <spirit:fileSets>
    <spirit:fileSet>
      <spirit:name>xilinx_anylanguagesynthesis_view_fileset</spirit:name>
      <spirit:file>
        <spirit:name>FREQUENCY_METER_PULSE.vhd</spirit:name>
        <spirit:fileType>vhdlSource</spirit:fileType>
        <spirit:userFileType>CHECKSUM_d814cbe6</spirit:userFileType>
      </spirit:file>
    </spirit:fileSet>
    <spirit:fileSet>
      <spirit:name>xilinx_anylanguagebehavioralsimulation_view_fileset</spirit:name>
      <spirit:file>
        <spirit:name>FREQUENCY_METER_PULSE.vhd</spirit:name>
        <spirit:fileType>vhdlSource</spirit:fileType>
      </spirit:file>
    </spirit:fileSet>
    <spirit:fileSet>
      <spirit:name>xilinx_xpgui_view_fileset</spirit:name>
      <spirit:file>
        <spirit:name>xgui/FREQUENCY_METER_PULSE_v1_0.tcl</spirit:name>
        <spirit:fileType>tclSource</spirit:fileType>
        <spirit:userFileType>CHECKSUM_74f08b32</spirit:userFileType>
        <spirit:userFileType>XGUI_VERSION_2</spirit:userFileType>
      </spirit:file>
    </spirit:fileSet>
    <spirit:fileSet>
      <spirit:name>archive_project_view_fileset</spirit:name>
      <spirit:file>
        <spirit:name>ip_project_archive.zip</spirit:name>
        <spirit:userFileType>zip</spirit:userFileType>
      </spirit:file>
    </spirit:fileSet>
  </spirit:fileSets>
  <spirit:description>FREQUENCY_METER_PULSE_v1_0</spirit:description>
  <spirit:parameters>
    <spirit:parameter>
      <spirit:name>GATE_TIME</spirit:name>
      <spirit:displayName>Gate Time</spirit:displayName>
      <spirit:value spirit:format="long" spirit:resolve="user" spirit:id="PARAM_VALUE.GATE_TIME" spirit:minimum="1" spirit:maximum="100000" spirit:rangeType="long">1000</spirit:value>
    </spirit:parameter>
    <spirit:parameter>
      <spirit:name>REF_CLK_FREQUENCY</spirit:name>
      <spirit:displayName>Ref Clk Frequency</spirit:displayName>
      <spirit:value spirit:format="long" spirit:resolve="user" spirit:id="PARAM_VALUE.REF_CLK_FREQUENCY" spirit:minimum="1" spirit:maximum="1000" spirit:rangeType="long">200</spirit:value>
    </spirit:parameter>
    <spirit:parameter>
      <spirit:name>RST_ACTIVE</spirit:name>
      <spirit:displayName>Rst Active</spirit:displayName>
      <spirit:value spirit:resolve="user" spirit:id="PARAM_VALUE.RST_ACTIVE" spirit:choiceRef="choice_list_9d8b0d81">ACTIVE_HIGH</spirit:value>
    </spirit:parameter>
    <spirit:parameter>
      <spirit:name>OUTPUT_TYPE</spirit:name>
      <spirit:displayName>Output Type</spirit:displayName>
      <spirit:value spirit:resolve="user" spirit:id="PARAM_VALUE.OUTPUT_TYPE" spirit:choiceRef="choice_list_f86c31b0">FREQUENCY</spirit:value>
    </spirit:parameter>
    <spirit:parameter>
      <spirit:name>Component_Name</spirit:name>
      <spirit:value spirit:resolve="user" spirit:id="PARAM_VALUE.Component_Name" spirit:order="1">FREQUENCY_METER_PULSE_v1_0</spirit:value>
    </spirit:parameter>
  </spirit:parameters>
  <spirit:vendorExtensions>
    <xilinx:coreExtensions>
      <xilinx:supportedFamilies>
        <xilinx:family xilinx:lifeCycle="Production">virtex7</xilinx:family>
        <xilinx:family xilinx:lifeCycle="Production">qvirtex7</xilinx:family>
        <xilinx:family xilinx:lifeCycle="Production">versal</xilinx:family>
        <xilinx:family xilinx:lifeCycle="Production">kintex7</xilinx:family>
        <xilinx:family xilinx:lifeCycle="Production">kintex7l</xilinx:family>
        <xilinx:family xilinx:lifeCycle="Production">qkintex7</xilinx:family>
        <xilinx:family xilinx:lifeCycle="Production">qkintex7l</xilinx:family>
        <xilinx:family xilinx:lifeCycle="Production">akintex7</xilinx:family>
        <xilinx:family xilinx:lifeCycle="Production">artix7</xilinx:family>
        <xilinx:family xilinx:lifeCycle="Production">artix7l</xilinx:family>
        <xilinx:family xilinx:lifeCycle="Production">aartix7</xilinx:family>
        <xilinx:family xilinx:lifeCycle="Production">qartix7</xilinx:family>
        <xilinx:family xilinx:lifeCycle="Production">zynq</xilinx:family>
        <xilinx:family xilinx:lifeCycle="Production">qzynq</xilinx:family>
        <xilinx:family xilinx:lifeCycle="Production">azynq</xilinx:family>
        <xilinx:family xilinx:lifeCycle="Production">spartan7</xilinx:family>
        <xilinx:family xilinx:lifeCycle="Production">aspartan7</xilinx:family>
        <xilinx:family xilinx:lifeCycle="Production">virtexu</xilinx:family>
        <xilinx:family xilinx:lifeCycle="Production">zynquplus</xilinx:family>
        <xilinx:family xilinx:lifeCycle="Production">virtexuplus</xilinx:family>
        <xilinx:family xilinx:lifeCycle="Production">virtexuplusHBM</xilinx:family>
        <xilinx:family xilinx:lifeCycle="Production">virtexuplus58g</xilinx:family>
        <xilinx:family xilinx:lifeCycle="Production">kintexuplus</xilinx:family>
        <xilinx:family xilinx:lifeCycle="Production">kintexu</xilinx:family>
      </xilinx:supportedFamilies>
      <xilinx:taxonomies>
        <xilinx:taxonomy>/UserIP</xilinx:taxonomy>
      </xilinx:taxonomies>
      <xilinx:displayName>FREQUENCY_METER_PULSE_v1_0</xilinx:displayName>
      <xilinx:definitionSource>package_project</xilinx:definitionSource>
      <xilinx:coreRevision>9</xilinx:coreRevision>
      <xilinx:coreCreationDateTime>2022-10-28T07:58:52Z</xilinx:coreCreationDateTime>
      <xilinx:tags>
        <xilinx:tag xilinx:name="ui.data.coregen.dd@64ee2075_ARCHIVE_LOCATION">d:/fpga_code/my_ip/frequency_meter_pulse/frequency_meter_pulse.srcs/sources_1/new</xilinx:tag>
        <xilinx:tag xilinx:name="ui.data.coregen.dd@2b9241bf_ARCHIVE_LOCATION">d:/fpga_code/my_ip/frequency_meter_pulse/frequency_meter_pulse.srcs/sources_1/new</xilinx:tag>
        <xilinx:tag xilinx:name="ui.data.coregen.dd@403c99e0_ARCHIVE_LOCATION">d:/fpga_code/my_ip/frequency_meter_pulse/frequency_meter_pulse.srcs/sources_1/new</xilinx:tag>
        <xilinx:tag xilinx:name="ui.data.coregen.dd@508a2e73_ARCHIVE_LOCATION">d:/fpga_code/my_ip/frequency_meter_pulse/frequency_meter_pulse.srcs/sources_1/new</xilinx:tag>
        <xilinx:tag xilinx:name="ui.data.coregen.dd@6e9245e4_ARCHIVE_LOCATION">d:/fpga_code/my_ip/frequency_meter_pulse/frequency_meter_pulse.srcs/sources_1/new</xilinx:tag>
        <xilinx:tag xilinx:name="ui.data.coregen.dd@5c1dbe5e_ARCHIVE_LOCATION">d:/fpga_code/my_ip/frequency_meter_pulse/frequency_meter_pulse.srcs/sources_1/new</xilinx:tag>
        <xilinx:tag xilinx:name="ui.data.coregen.dd@3467468c_ARCHIVE_LOCATION">d:/fpga_code/my_ip/frequency_meter_pulse/frequency_meter_pulse.srcs/sources_1/new</xilinx:tag>
        <xilinx:tag xilinx:name="ui.data.coregen.dd@3279e757_ARCHIVE_LOCATION">d:/fpga_code/my_ip/frequency_meter_pulse/frequency_meter_pulse.srcs/sources_1/new</xilinx:tag>
        <xilinx:tag xilinx:name="ui.data.coregen.dd@ed97912_ARCHIVE_LOCATION">d:/fpga_code/my_ip/frequency_meter_pulse/frequency_meter_pulse.srcs/sources_1/new</xilinx:tag>
        <xilinx:tag xilinx:name="ui.data.coregen.dd@7cf43c94_ARCHIVE_LOCATION">d:/fpga_code/my_ip/frequency_meter_pulse/frequency_meter_pulse.srcs/sources_1/new</xilinx:tag>
        <xilinx:tag xilinx:name="ui.data.coregen.dd@356acd6d_ARCHIVE_LOCATION">d:/fpga_code/my_ip/frequency_meter_pulse/frequency_meter_pulse.srcs/sources_1/new</xilinx:tag>
        <xilinx:tag xilinx:name="ui.data.coregen.dd@6b71c4c8_ARCHIVE_LOCATION">d:/fpga_code/my_ip/frequency_meter_pulse/frequency_meter_pulse.srcs/sources_1/new</xilinx:tag>
        <xilinx:tag xilinx:name="ui.data.coregen.dd@342117e4_ARCHIVE_LOCATION">d:/fpga_code/my_ip/frequency_meter_pulse/frequency_meter_pulse.srcs/sources_1/new</xilinx:tag>
        <xilinx:tag xilinx:name="ui.data.coregen.dd@5f2d7f00_ARCHIVE_LOCATION">d:/fpga_code/my_ip/frequency_meter_pulse/frequency_meter_pulse.srcs/sources_1/new</xilinx:tag>
        <xilinx:tag xilinx:name="ui.data.coregen.dd@4e86eb8e_ARCHIVE_LOCATION">d:/fpga_code/my_ip/frequency_meter_pulse/frequency_meter_pulse.srcs/sources_1/new</xilinx:tag>
        <xilinx:tag xilinx:name="ui.data.coregen.dd@794bdc48_ARCHIVE_LOCATION">d:/fpga_code/my_ip/frequency_meter_pulse/frequency_meter_pulse.srcs/sources_1/new</xilinx:tag>
        <xilinx:tag xilinx:name="ui.data.coregen.dd@6d47a0cd_ARCHIVE_LOCATION">d:/fpga_code/my_ip/frequency_meter_pulse/frequency_meter_pulse.srcs/sources_1/new</xilinx:tag>
        <xilinx:tag xilinx:name="ui.data.coregen.dd@304959a0_ARCHIVE_LOCATION">d:/fpga_code/my_ip/frequency_meter_pulse/frequency_meter_pulse.srcs/sources_1/new</xilinx:tag>
        <xilinx:tag xilinx:name="ui.data.coregen.dd@1418b89e_ARCHIVE_LOCATION">d:/fpga_code/my_ip/frequency_meter_pulse/frequency_meter_pulse.srcs/sources_1/new</xilinx:tag>
        <xilinx:tag xilinx:name="ui.data.coregen.dd@6fff3ff3_ARCHIVE_LOCATION">d:/fpga_code/my_ip/frequency_meter_pulse/frequency_meter_pulse.srcs/sources_1/new</xilinx:tag>
        <xilinx:tag xilinx:name="ui.data.coregen.dd@7b2cadcc_ARCHIVE_LOCATION">d:/fpga_code/my_ip/frequency_meter_pulse/frequency_meter_pulse.srcs/sources_1/new</xilinx:tag>
        <xilinx:tag xilinx:name="ui.data.coregen.dd@52931f7e_ARCHIVE_LOCATION">d:/fpga_code/my_ip/frequency_meter_pulse/frequency_meter_pulse.srcs/sources_1/new</xilinx:tag>
        <xilinx:tag xilinx:name="ui.data.coregen.dd@7e84aaab_ARCHIVE_LOCATION">d:/FPGA_CODE/My_IP/FREQUENCY_METER_PULSE/FREQUENCY_METER_PULSE.srcs/sources_1/new</xilinx:tag>
        <xilinx:tag xilinx:name="ui.data.coregen.dd@20e4362b_ARCHIVE_LOCATION">d:/FPGA_CODE/My_IP/FREQUENCY_METER_PULSE/FREQUENCY_METER_PULSE.srcs/sources_1/new</xilinx:tag>
        <xilinx:tag xilinx:name="ui.data.coregen.dd@767b5a86_ARCHIVE_LOCATION">d:/FPGA_CODE/My_IP/FREQUENCY_METER_PULSE/FREQUENCY_METER_PULSE.srcs/sources_1/new</xilinx:tag>
        <xilinx:tag xilinx:name="ui.data.coregen.dd@27b44936_ARCHIVE_LOCATION">d:/FPGA_CODE/My_IP/FREQUENCY_METER_PULSE/FREQUENCY_METER_PULSE.srcs/sources_1/new</xilinx:tag>
        <xilinx:tag xilinx:name="ui.data.coregen.dd@504b7d01_ARCHIVE_LOCATION">d:/FPGA_CODE/My_IP/FREQUENCY_METER_PULSE/FREQUENCY_METER_PULSE.srcs/sources_1/new</xilinx:tag>
        <xilinx:tag xilinx:name="ui.data.coregen.dd@3c230b22_ARCHIVE_LOCATION">d:/FPGA_CODE/My_IP/FREQUENCY_METER_PULSE/FREQUENCY_METER_PULSE.srcs/sources_1/new</xilinx:tag>
        <xilinx:tag xilinx:name="ui.data.coregen.dd@71689413_ARCHIVE_LOCATION">d:/FPGA_CODE/My_IP/FREQUENCY_METER_PULSE/FREQUENCY_METER_PULSE.srcs/sources_1/new</xilinx:tag>
        <xilinx:tag xilinx:name="ui.data.coregen.dd@7000991e_ARCHIVE_LOCATION">d:/FPGA_CODE/My_IP/FREQUENCY_METER_PULSE/FREQUENCY_METER_PULSE.srcs/sources_1/new</xilinx:tag>
        <xilinx:tag xilinx:name="ui.data.coregen.dd@6201c59f_ARCHIVE_LOCATION">d:/FPGA_CODE/My_IP/FREQUENCY_METER_PULSE/FREQUENCY_METER_PULSE.srcs/sources_1/new</xilinx:tag>
        <xilinx:tag xilinx:name="ui.data.coregen.dd@747e9dce_ARCHIVE_LOCATION">d:/FPGA_CODE/My_IP/FREQUENCY_METER_PULSE/FREQUENCY_METER_PULSE.srcs/sources_1/new</xilinx:tag>
        <xilinx:tag xilinx:name="ui.data.coregen.dd@7c2340db_ARCHIVE_LOCATION">d:/FPGA_CODE/My_IP/FREQUENCY_METER_PULSE/FREQUENCY_METER_PULSE.srcs/sources_1/new</xilinx:tag>
        <xilinx:tag xilinx:name="ui.data.coregen.dd@7018b6d5_ARCHIVE_LOCATION">d:/FPGA_CODE/My_IP/FREQUENCY_METER_PULSE/FREQUENCY_METER_PULSE.srcs/sources_1/new</xilinx:tag>
        <xilinx:tag xilinx:name="ui.data.coregen.dd@14d25170_ARCHIVE_LOCATION">d:/FPGA_CODE/My_IP/FREQUENCY_METER_PULSE/FREQUENCY_METER_PULSE.srcs/sources_1/new</xilinx:tag>
        <xilinx:tag xilinx:name="ui.data.coregen.dd@277db8b4_ARCHIVE_LOCATION">d:/FPGA_CODE/My_IP/FREQUENCY_METER_PULSE/FREQUENCY_METER_PULSE.srcs/sources_1/new</xilinx:tag>
        <xilinx:tag xilinx:name="ui.data.coregen.dd@72983012_ARCHIVE_LOCATION">d:/FPGA_CODE/My_IP/FREQUENCY_METER_PULSE/FREQUENCY_METER_PULSE.srcs/sources_1/new</xilinx:tag>
        <xilinx:tag xilinx:name="ui.data.coregen.dd@6201cc17_ARCHIVE_LOCATION">d:/FPGA_CODE/My_IP/FREQUENCY_METER_PULSE/FREQUENCY_METER_PULSE.srcs/sources_1/new</xilinx:tag>
        <xilinx:tag xilinx:name="ui.data.coregen.dd@fc5bf29_ARCHIVE_LOCATION">d:/FPGA_CODE/My_IP/FREQUENCY_METER_PULSE/FREQUENCY_METER_PULSE.srcs/sources_1/new</xilinx:tag>
        <xilinx:tag xilinx:name="ui.data.coregen.dd@bba5694_ARCHIVE_LOCATION">d:/FPGA_CODE/My_IP/FREQUENCY_METER_PULSE/FREQUENCY_METER_PULSE.srcs/sources_1/new</xilinx:tag>
        <xilinx:tag xilinx:name="ui.data.coregen.dd@19506a07_ARCHIVE_LOCATION">d:/FPGA_CODE/My_IP/FREQUENCY_METER_PULSE/FREQUENCY_METER_PULSE.srcs/sources_1/new</xilinx:tag>
        <xilinx:tag xilinx:name="ui.data.coregen.dd@49833b3e_ARCHIVE_LOCATION">d:/FPGA_CODE/My_IP/FREQUENCY_METER_PULSE/FREQUENCY_METER_PULSE.srcs/sources_1/new</xilinx:tag>
        <xilinx:tag xilinx:name="ui.data.coregen.dd@44630d70_ARCHIVE_LOCATION">d:/FPGA_CODE/My_IP/FREQUENCY_METER_PULSE/FREQUENCY_METER_PULSE.srcs/sources_1/new</xilinx:tag>
        <xilinx:tag xilinx:name="ui.data.coregen.dd@17d52357_ARCHIVE_LOCATION">d:/FPGA_CODE/My_IP/FREQUENCY_METER_PULSE/FREQUENCY_METER_PULSE.srcs/sources_1/new</xilinx:tag>
        <xilinx:tag xilinx:name="ui.data.coregen.dd@6f19b19b_ARCHIVE_LOCATION">d:/FPGA_CODE/My_IP/FREQUENCY_METER_PULSE/FREQUENCY_METER_PULSE.srcs/sources_1/new</xilinx:tag>
        <xilinx:tag xilinx:name="ui.data.coregen.dd@4f757188_ARCHIVE_LOCATION">d:/FPGA_CODE/My_IP/FREQUENCY_METER_PULSE/FREQUENCY_METER_PULSE.srcs/sources_1/new</xilinx:tag>
        <xilinx:tag xilinx:name="ui.data.coregen.dd@5e690f2c_ARCHIVE_LOCATION">d:/FPGA_CODE/My_IP/FREQUENCY_METER_PULSE/FREQUENCY_METER_PULSE.srcs/sources_1/new</xilinx:tag>
        <xilinx:tag xilinx:name="ui.data.coregen.dd@7db22acc_ARCHIVE_LOCATION">d:/FPGA_CODE/My_IP/FREQUENCY_METER_PULSE/FREQUENCY_METER_PULSE.srcs/sources_1/new</xilinx:tag>
        <xilinx:tag xilinx:name="ui.data.coregen.dd@5626ccc0_ARCHIVE_LOCATION">d:/FPGA_CODE/My_IP/FREQUENCY_METER_PULSE/FREQUENCY_METER_PULSE.srcs/sources_1/new</xilinx:tag>
        <xilinx:tag xilinx:name="ui.data.coregen.dd@15638d6a_ARCHIVE_LOCATION">d:/FPGA_CODE/My_IP/FREQUENCY_METER_PULSE/FREQUENCY_METER_PULSE.srcs/sources_1/new</xilinx:tag>
        <xilinx:tag xilinx:name="ui.data.coregen.dd@3bc8deef_ARCHIVE_LOCATION">d:/FPGA_CODE/My_IP/FREQUENCY_METER_PULSE/FREQUENCY_METER_PULSE.srcs/sources_1/new</xilinx:tag>
        <xilinx:tag xilinx:name="ui.data.coregen.dd@4b24ddaf_ARCHIVE_LOCATION">d:/FPGA_CODE/My_IP/FREQUENCY_METER_PULSE/FREQUENCY_METER_PULSE.srcs/sources_1/new</xilinx:tag>
        <xilinx:tag xilinx:name="ui.data.coregen.dd@1e1cb422_ARCHIVE_LOCATION">d:/FPGA_CODE/My_IP/FREQUENCY_METER_PULSE/FREQUENCY_METER_PULSE.srcs/sources_1/new</xilinx:tag>
        <xilinx:tag xilinx:name="ui.data.coregen.dd@7c0ea448_ARCHIVE_LOCATION">d:/FPGA_CODE/My_IP/FREQUENCY_METER_PULSE/FREQUENCY_METER_PULSE.srcs/sources_1/new</xilinx:tag>
        <xilinx:tag xilinx:name="ui.data.coregen.dd@dfdecf7_ARCHIVE_LOCATION">d:/FPGA_CODE/My_IP/FREQUENCY_METER_PULSE/FREQUENCY_METER_PULSE.srcs/sources_1/new</xilinx:tag>
        <xilinx:tag xilinx:name="ui.data.coregen.dd@50b6bab6_ARCHIVE_LOCATION">d:/FPGA_CODE/My_IP/FREQUENCY_METER_PULSE/FREQUENCY_METER_PULSE.srcs/sources_1/new</xilinx:tag>
        <xilinx:tag xilinx:name="ui.data.coregen.dd@7fa94004_ARCHIVE_LOCATION">d:/FPGA_CODE/My_IP/FREQUENCY_METER_PULSE/FREQUENCY_METER_PULSE.srcs/sources_1/new</xilinx:tag>
        <xilinx:tag xilinx:name="ui.data.coregen.dd@4e78aa4b_ARCHIVE_LOCATION">d:/FPGA_CODE/My_IP/FREQUENCY_METER_PULSE/FREQUENCY_METER_PULSE.srcs/sources_1/new</xilinx:tag>
        <xilinx:tag xilinx:name="ui.data.coregen.dd@5852c1c7_ARCHIVE_LOCATION">d:/FPGA_CODE/My_IP/FREQUENCY_METER_PULSE/FREQUENCY_METER_PULSE.srcs/sources_1/new</xilinx:tag>
        <xilinx:tag xilinx:name="ui.data.coregen.dd@44ca75c5_ARCHIVE_LOCATION">d:/FPGA_CODE/My_IP/FREQUENCY_METER_PULSE/FREQUENCY_METER_PULSE.srcs/sources_1/new</xilinx:tag>
        <xilinx:tag xilinx:name="ui.data.coregen.dd@62b12d7a_ARCHIVE_LOCATION">d:/FPGA_CODE/My_IP/FREQUENCY_METER_PULSE/FREQUENCY_METER_PULSE.srcs/sources_1/new</xilinx:tag>
        <xilinx:tag xilinx:name="ui.data.coregen.dd@798fd069_ARCHIVE_LOCATION">d:/FPGA_CODE/My_IP/FREQUENCY_METER_PULSE/FREQUENCY_METER_PULSE.srcs/sources_1/new</xilinx:tag>
        <xilinx:tag xilinx:name="ui.data.coregen.dd@3a78e388_ARCHIVE_LOCATION">d:/FPGA_CODE/My_IP/FREQUENCY_METER_PULSE/FREQUENCY_METER_PULSE.srcs/sources_1/new</xilinx:tag>
        <xilinx:tag xilinx:name="ui.data.coregen.dd@7100508c_ARCHIVE_LOCATION">d:/FPGA_CODE/My_IP/FREQUENCY_METER_PULSE/FREQUENCY_METER_PULSE.srcs/sources_1/new</xilinx:tag>
        <xilinx:tag xilinx:name="ui.data.coregen.dd@704e4c7_ARCHIVE_LOCATION">d:/FPGA_CODE/My_IP/FREQUENCY_METER_PULSE/FREQUENCY_METER_PULSE.srcs/sources_1/new</xilinx:tag>
        <xilinx:tag xilinx:name="ui.data.coregen.dd@407b9410_ARCHIVE_LOCATION">d:/FPGA_CODE/My_IP/FREQUENCY_METER_PULSE/FREQUENCY_METER_PULSE.srcs/sources_1/new</xilinx:tag>
        <xilinx:tag xilinx:name="ui.data.coregen.dd@bfd8fb0_ARCHIVE_LOCATION">d:/FPGA_CODE/My_IP/FREQUENCY_METER_PULSE/FREQUENCY_METER_PULSE.srcs/sources_1/new</xilinx:tag>
        <xilinx:tag xilinx:name="ui.data.coregen.dd@4a9566a5_ARCHIVE_LOCATION">d:/FPGA_CODE/My_IP/FREQUENCY_METER_PULSE/FREQUENCY_METER_PULSE.srcs/sources_1/new</xilinx:tag>
        <xilinx:tag xilinx:name="ui.data.coregen.dd@4208138b_ARCHIVE_LOCATION">d:/FPGA_CODE/My_IP/FREQUENCY_METER_PULSE/FREQUENCY_METER_PULSE.srcs/sources_1/new</xilinx:tag>
        <xilinx:tag xilinx:name="ui.data.coregen.dd@71064d14_ARCHIVE_LOCATION">d:/FPGA_CODE/My_IP/FREQUENCY_METER_PULSE/FREQUENCY_METER_PULSE.srcs/sources_1/new</xilinx:tag>
        <xilinx:tag xilinx:name="ui.data.coregen.dd@496ba512_ARCHIVE_LOCATION">d:/FPGA_CODE/My_IP/FREQUENCY_METER_PULSE/FREQUENCY_METER_PULSE.srcs/sources_1/new</xilinx:tag>
        <xilinx:tag xilinx:name="ui.data.coregen.dd@419725c8_ARCHIVE_LOCATION">d:/FPGA_CODE/My_IP/FREQUENCY_METER_PULSE/FREQUENCY_METER_PULSE.srcs/sources_1/new</xilinx:tag>
        <xilinx:tag xilinx:name="ui.data.coregen.dd@69ad7460_ARCHIVE_LOCATION">d:/FPGA_CODE/My_IP/FREQUENCY_METER_PULSE/FREQUENCY_METER_PULSE.srcs/sources_1/new</xilinx:tag>
        <xilinx:tag xilinx:name="ui.data.coregen.dd@4f60fe66_ARCHIVE_LOCATION">d:/FPGA_CODE/My_IP/FREQUENCY_METER_PULSE/FREQUENCY_METER_PULSE.srcs/sources_1/new</xilinx:tag>
        <xilinx:tag xilinx:name="ui.data.coregen.dd@4fcf941c_ARCHIVE_LOCATION">d:/FPGA_CODE/My_IP/FREQUENCY_METER_PULSE/FREQUENCY_METER_PULSE.srcs/sources_1/new</xilinx:tag>
        <xilinx:tag xilinx:name="ui.data.coregen.dd@fb6a183_ARCHIVE_LOCATION">d:/FPGA_CODE/My_IP/FREQUENCY_METER_PULSE/FREQUENCY_METER_PULSE.srcs/sources_1/new</xilinx:tag>
        <xilinx:tag xilinx:name="ui.data.coregen.dd@619f5b96_ARCHIVE_LOCATION">d:/FPGA_CODE/My_IP/FREQUENCY_METER_PULSE/FREQUENCY_METER_PULSE.srcs/sources_1/new</xilinx:tag>
        <xilinx:tag xilinx:name="ui.data.coregen.dd@1ed72f5_ARCHIVE_LOCATION">d:/FPGA_CODE/My_IP/FREQUENCY_METER_PULSE/FREQUENCY_METER_PULSE.srcs/sources_1/new</xilinx:tag>
        <xilinx:tag xilinx:name="ui.data.coregen.dd@1a2c4e95_ARCHIVE_LOCATION">d:/FPGA_CODE/My_IP/FREQUENCY_METER_PULSE/FREQUENCY_METER_PULSE.srcs/sources_1/new</xilinx:tag>
        <xilinx:tag xilinx:name="ui.data.coregen.dd@67b06b1b_ARCHIVE_LOCATION">d:/FPGA_CODE/My_IP/FREQUENCY_METER_PULSE/FREQUENCY_METER_PULSE.srcs/sources_1/new</xilinx:tag>
        <xilinx:tag xilinx:name="ui.data.coregen.dd@2975fb48_ARCHIVE_LOCATION">d:/FPGA_CODE/My_IP/FREQUENCY_METER_PULSE/FREQUENCY_METER_PULSE.srcs/sources_1/new</xilinx:tag>
        <xilinx:tag xilinx:name="ui.data.coregen.dd@2821d0bf_ARCHIVE_LOCATION">d:/FPGA_CODE/My_IP/FREQUENCY_METER_PULSE/FREQUENCY_METER_PULSE.srcs/sources_1/new</xilinx:tag>
        <xilinx:tag xilinx:name="ui.data.coregen.dd@e53e683_ARCHIVE_LOCATION">d:/FPGA_CODE/My_IP/FREQUENCY_METER_PULSE/FREQUENCY_METER_PULSE.srcs/sources_1/new</xilinx:tag>
        <xilinx:tag xilinx:name="ui.data.coregen.dd@5e5f3390_ARCHIVE_LOCATION">d:/FPGA_CODE/My_IP/FREQUENCY_METER_PULSE/FREQUENCY_METER_PULSE.srcs/sources_1/new</xilinx:tag>
        <xilinx:tag xilinx:name="ui.data.coregen.dd@6f725b3b_ARCHIVE_LOCATION">d:/FPGA_CODE/My_IP/FREQUENCY_METER_PULSE/FREQUENCY_METER_PULSE.srcs/sources_1/new</xilinx:tag>
        <xilinx:tag xilinx:name="ui.data.coregen.dd@233874c5_ARCHIVE_LOCATION">d:/FPGA_CODE/My_IP/FREQUENCY_METER_PULSE/FREQUENCY_METER_PULSE.srcs/sources_1/new</xilinx:tag>
      </xilinx:tags>
    </xilinx:coreExtensions>
    <xilinx:packagingInfo>
      <xilinx:xilinxVersion>2020.2</xilinx:xilinxVersion>
      <xilinx:checksum xilinx:scope="busInterfaces" xilinx:value="795d3ab6"/>
      <xilinx:checksum xilinx:scope="fileGroups" xilinx:value="30b556e9"/>
      <xilinx:checksum xilinx:scope="ports" xilinx:value="394dec68"/>
      <xilinx:checksum xilinx:scope="hdlParameters" xilinx:value="e2a064ef"/>
      <xilinx:checksum xilinx:scope="parameters" xilinx:value="151d0921"/>
    </xilinx:packagingInfo>
  </spirit:vendorExtensions>
</spirit:component>
